timestamp_utc,Ticker,Sector,Data_Status,Provider,Liquidity_Source,Technical_Source_Status,Price_As_Of,Freshness,Volume,Daily_Liquidity_EGP,Issue,Recommended_Action
2026-09-27T10:45:41.988704+00:00,MHOT.CA,Tourism & Leisure,OK,Yahoo Finance history + Mubasher delayed current trading data,Mubasher delayed stock page,ALIGNED,12:29 PM market time,DELAYED_CURRENT,5371605.0,108740624.0,Current quote uses Mubasher delayed stock page data; verify live price/spread in Thndr.,Review manually
2026-09-27T10:45:41.988704+00:00,CIRA.CA,Education,OK,Yahoo Finance history + Mubasher delayed current trading data,Mubasher delayed stock page,ALIGNED,12:28 PM market time,DELAYED_CURRENT,290237.0,11581450.0,Current quote uses Mubasher delayed stock page data; verify live price/spread in Thndr.,Review manually
2026-09-27T10:45:41.988704+00:00,ALCN.CA,Transportation & Logistics,OK,Yahoo Finance history + Mubasher delayed current trading data,Mubasher delayed stock page,ALIGNED,12:27 PM market time,DELAYED_CURRENT,348566.0,11568852.0,Current quote uses Mubasher delayed stock page data; verify live price/spread in Thndr.,Review manually
2026-09-27T10:45:41.988704+00:00,CANA.CA,Banking & Financials,OK,Yahoo Finance history + Mubasher delayed current trading data,Mubasher delayed stock page,ALIGNED,12:28 PM market time,DELAYED_CURRENT,643942.0,30854988.0,Current quote uses Mubasher delayed stock page data; verify live price/spread in Thndr.,Review manually
2026-09-27T10:45:41.988704+00:00,EXPA.CA,Banking & Financials,OK,Yahoo Finance history + Mubasher delayed current trading data,Mubasher delayed stock page,ALIGNED,12:28 PM market time,DELAYED_CURRENT,1077680.0,23509888.0,Current quote uses Mubasher delayed stock page data; verify live price/spread in Thndr.,Review manually
2026-09-27T10:45:41.988704+00:00,TALM.CA,Education,OK,Yahoo Finance history + Mubasher delayed current trading data,Mubasher delayed stock page,ALIGNED,12:27 PM market time,DELAYED_CURRENT,760545.0,15868733.0,Current quote uses Mubasher delayed stock page data; verify live price/spread in Thndr.,Review manually
2026-09-27T10:45:41.988704+00:00,ETEL.CA,Telecommunications,OK,Yahoo Finance history + Mubasher delayed current trading data,Mubasher delayed stock page,ALIGNED,12:28 PM market time,DELAYED_CURRENT,398041.0,53939064.0,Current quote uses Mubasher delayed stock page data; verify live price/spread in Thndr.,Review manually
2026-09-27T10:45:41.988704+00:00,OIH.CA,Investment Holding,OK,Yahoo Finance history + Mubasher delayed current trading data,Mubasher delayed stock page,ALIGNED,12:28 PM market time,DELAYED_CURRENT,10403558.0,21802376.0,Current quote uses Mubasher delayed stock page data; verify live price/spread in Thndr.,Review manually
2026-09-27T10:45:41.988704+00:00,EGTS.CA,Real Estate,OK,Yahoo Finance history + Mubasher delayed current trading data,Mubasher delayed stock page,ALIGNED,12:28 PM market time,DELAYED_CURRENT,2000663.0,37572488.0,Current quote uses Mubasher delayed stock page data; verify live price/spread in Thndr.,Review manually
2026-09-27T10:45:41.988704+00:00,MPCO.CA,Agriculture & Food Production,OK,Yahoo Finance history + Mubasher delayed current trading data,Mubasher delayed stock page,ALIGNED,12:28 PM market time,DELAYED_CURRENT,46821629.0,125576488.0,Current quote uses Mubasher delayed stock page data; verify live price/spread in Thndr.,Review manually
2026-09-27T10:45:41.988704+00:00,MFPC.CA,Basic Resources & Chemicals,OK,Yahoo Finance history + Mubasher delayed current trading data,Mubasher delayed stock page,ALIGNED,12:27 PM market time,DELAYED_CURRENT,416720.0,19676296.0,Current quote uses Mubasher delayed stock page data; verify live price/spread in Thndr.,Review manually
2026-09-27T10:45:41.988704+00:00,EGCH.CA,Basic Resources & Chemicals,OK,Yahoo Finance history + Mubasher delayed current trading data,Mubasher delayed stock page,ALIGNED,12:28 PM market time,DELAYED_CURRENT,6273277.0,89775928.0,Current quote uses Mubasher delayed stock page data; verify live price/spread in Thndr.,Review manually
2026-09-27T10:45:41.988704+00:00,CCAP.CA,Investment Holding,OK,Yahoo Finance history + Mubasher delayed current trading data,Mubasher delayed stock page,ALIGNED,12:29 PM market time,DELAYED_CURRENT,58656556.0,414836224.0,Current quote uses Mubasher delayed stock page data; verify live price/spread in Thndr.,Review manually
2026-09-27T10:45:41.988704+00:00,AMOC.CA,Energy & Petrochemicals,OK,Yahoo Finance history + Mubasher delayed current trading data,Mubasher delayed stock page,ALIGNED,12:28 PM market time,DELAYED_CURRENT,2766371.0,36780128.0,Current quote uses Mubasher delayed stock page data; verify live price/spread in Thndr.,Review manually
2026-09-27T10:45:41.988704+00:00,EGSA.CA,Telecommunications,OK,Yahoo Finance history + Mubasher delayed current trading data,Mubasher delayed stock page,ALIGNED,24 September 12:29 PM market time,DELAYED_CURRENT,220.0,100936.9,Current quote uses Mubasher delayed stock page data; verify live price/spread in Thndr.,Review manually
2026-09-27T10:45:41.988704+00:00,DTPP.CA,General / Verified EGX Expansion,OK,Yahoo Finance history + Mubasher delayed current trading data,Mubasher delayed stock page,ALIGNED,12:29 PM market time,DELAYED_CURRENT,77828.0,25378116.0,Current quote uses Mubasher delayed stock page data; verify live price/spread in Thndr.,Review manually
2026-09-27T10:45:41.988704+00:00,GIHD.CA,General / Verified EGX Expansion,OK,Yahoo Finance history + Mubasher delayed current trading data,Mubasher delayed stock page,ALIGNED,12:28 PM market time,DELAYED_CURRENT,300483.0,22602958.0,Current quote uses Mubasher delayed stock page data; verify live price/spread in Thndr.,Review manually
2026-09-27T10:45:41.988704+00:00,NCCW.CA,General / Verified EGX Expansion,OK,Yahoo Finance history + Mubasher delayed current trading data,Mubasher delayed stock page,ALIGNED,12:29 PM market time,DELAYED_CURRENT,2486718.0,18253276.0,Current quote uses Mubasher delayed stock page data; verify live price/spread in Thndr.,Review manually
2026-09-27T10:45:41.988704+00:00,ABUK.CA,Basic Resources & Chemicals,OK,Yahoo Finance history + Mubasher delayed current trading data,Mubasher delayed stock page,ALIGNED,12:28 PM market time,DELAYED_CURRENT,303559.0,27373336.0,Current quote uses Mubasher delayed stock page data; verify live price/spread in Thndr.,Review manually
2026-09-27T10:45:41.988704+00:00,EGAL.CA,Basic Resources & Chemicals,OK,Yahoo Finance history + Mubasher delayed current trading data,Mubasher delayed stock page,ALIGNED,12:27 PM market time,DELAYED_CURRENT,30636.0,10994850.0,Current quote uses Mubasher delayed stock page data; verify live price/spread in Thndr.,Review manually
2026-09-27T10:45:41.988704+00:00,ATQA.CA,Basic Resources & Chemicals,OK,Yahoo Finance history + Mubasher delayed current trading data,Mubasher delayed stock page,ALIGNED,12:27 PM market time,DELAYED_CURRENT,4585729.0,58381060.0,Current quote uses Mubasher delayed stock page data; verify live price/spread in Thndr.,Review manually
2026-09-27T10:45:41.988704+00:00,AJWA.CA,General / Verified EGX Expansion,OK,Yahoo Finance history + Mubasher delayed current trading data,Mubasher delayed stock page,ALIGNED,12:28 PM market time,DELAYED_CURRENT,75790.0,13823182.0,Current quote uses Mubasher delayed stock page data; verify live price/spread in Thndr.,Review manually
2026-09-27T10:45:41.988704+00:00,HDBK.CA,Banking & Financials,OK,Yahoo Finance history + Mubasher delayed current trading data,Mubasher delayed stock page,ALIGNED,12:28 PM market time,DELAYED_CURRENT,98713.0,10992902.0,Current quote uses Mubasher delayed stock page data; verify live price/spread in Thndr.,Review manually
2026-09-27T10:45:41.988704+00:00,SAUD.CA,Banking & Financials,OK,Yahoo Finance history + Mubasher delayed current trading data,Mubasher delayed stock page,ALIGNED,12:27 PM market time,DELAYED_CURRENT,582462.0,13298006.0,Current quote uses Mubasher delayed stock page data; verify live price/spread in Thndr.,Review manually
2026-09-27T10:45:41.988704+00:00,KZPC.CA,General / Verified EGX Expansion,OK,Yahoo Finance history + Mubasher delayed current trading data,Mubasher delayed stock page,ALIGNED,12:29 PM market time,DELAYED_CURRENT,596878.0,8257076.0,Current quote uses Mubasher delayed stock page data; verify live price/spread in Thndr.,Review manually
2026-09-27T10:45:41.988704+00:00,AMIA.CA,General / Verified EGX Expansion,OK,Yahoo Finance history + Mubasher delayed current trading data,Mubasher delayed stock page,ALIGNED,12:29 PM market time,DELAYED_CURRENT,1060234.0,20014528.0,Current quote uses Mubasher delayed stock page data; verify live price/spread in Thndr.,Review manually
2026-09-27T10:45:41.988704+00:00,COPR.CA,General / Verified EGX Expansion,OK,Yahoo Finance history + Mubasher delayed current trading data,Mubasher delayed stock page,ALIGNED,12:27 PM market time,DELAYED_CURRENT,20653384.0,9962727.0,Current quote uses Mubasher delayed stock page data; verify live price/spread in Thndr.,Review manually
2026-09-27T10:45:41.988704+00:00,GBCO.CA,Automotive & Distribution,OK,Yahoo Finance history + Mubasher delayed current trading data,Mubasher delayed stock page,ALIGNED,12:28 PM market time,DELAYED_CURRENT,1081132.0,32612764.0,Current quote uses Mubasher delayed stock page data; verify live price/spread in Thndr.,Review manually
2026-09-27T10:45:41.988704+00:00,BINV.CA,Investment Holding,OK,Yahoo Finance history + Mubasher delayed current trading data,Mubasher delayed stock page,ALIGNED,12:25 PM market time,DELAYED_CURRENT,59853.0,3438687.75,Current quote uses Mubasher delayed stock page data; verify live price/spread in Thndr.,Review manually
2026-09-27T10:45:41.988704+00:00,ADIB.CA,Banking & Financials,OK,Yahoo Finance history + Mubasher delayed current trading data,Mubasher delayed stock page,ALIGNED,12:27 PM market time,DELAYED_CURRENT,449935.0,23066102.0,Current quote uses Mubasher delayed stock page data; verify live price/spread in Thndr.,Review manually
2026-09-27T10:45:41.988704+00:00,ACGC.CA,Textiles,OK,Yahoo Finance history + Mubasher delayed current trading data,Mubasher delayed stock page,ALIGNED,12:26 PM market time,DELAYED_CURRENT,499026.0,7068564.0,Current quote uses Mubasher delayed stock page data; verify live price/spread in Thndr.,Review manually
2026-09-27T10:45:41.988704+00:00,SNFC.CA,General / Verified EGX Expansion,OK,Yahoo Finance history + Mubasher delayed current trading data,Mubasher delayed stock page,ALIGNED,12:29 PM market time,DELAYED_CURRENT,566811.0,6545294.5,Current quote uses Mubasher delayed stock page data; verify live price/spread in Thndr.,Review manually
2026-09-27T10:45:41.988704+00:00,EFIH.CA,Fintech & Payments,OK,Yahoo Finance history + Mubasher delayed current trading data,Mubasher delayed stock page,ALIGNED,12:28 PM market time,DELAYED_CURRENT,859447.0,19763438.0,Current quote uses Mubasher delayed stock page data; verify live price/spread in Thndr.,Review manually
2026-09-27T10:45:41.988704+00:00,EFID.CA,"Food, Beverages & Tobacco",OK,Yahoo Finance history + Mubasher delayed current trading data,Mubasher delayed stock page,ALIGNED,12:28 PM market time,DELAYED_CURRENT,1262900.0,37610212.0,Current quote uses Mubasher delayed stock page data; verify live price/spread in Thndr.,Review manually
2026-09-27T10:45:41.988704+00:00,EPCO.CA,General / Verified EGX Expansion,OK,Yahoo Finance history + Mubasher delayed current trading data,Mubasher delayed stock page,ALIGNED,12:27 PM market time,DELAYED_CURRENT,962941.0,10441532.0,Current quote uses Mubasher delayed stock page data; verify live price/spread in Thndr.,Review manually
2026-09-27T10:45:41.988704+00:00,LUTS.CA,General / Verified EGX Expansion,OK,Yahoo Finance history + Mubasher delayed current trading data,Mubasher delayed stock page,ALIGNED,12:29 PM market time,DELAYED_CURRENT,20244462.0,17153184.0,Current quote uses Mubasher delayed stock page data; verify live price/spread in Thndr.,Review manually
2026-09-27T10:45:41.988704+00:00,HELI.CA,Real Estate,OK,Yahoo Finance history + Mubasher delayed current trading data,Mubasher delayed stock page,ALIGNED,12:27 PM market time,DELAYED_CURRENT,6261659.0,49030884.0,Current quote uses Mubasher delayed stock page data; verify live price/spread in Thndr.,Review manually
2026-09-27T10:45:41.988704+00:00,ORHD.CA,Real Estate,OK,Yahoo Finance history + Mubasher delayed current trading data,Mubasher delayed stock page,ALIGNED,12:28 PM market time,DELAYED_CURRENT,2324641.0,93735616.0,Current quote uses Mubasher delayed stock page data; verify live price/spread in Thndr.,Review manually
2026-09-27T10:45:41.988704+00:00,AMER.CA,Real Estate,OK,Yahoo Finance history + Mubasher delayed current trading data,Mubasher delayed stock page,ALIGNED,12:28 PM market time,DELAYED_CURRENT,2684090.0,13546532.0,Current quote uses Mubasher delayed stock page data; verify live price/spread in Thndr.,Review manually
2026-09-27T10:45:41.988704+00:00,MOIL.CA,Energy & Petrochemicals,OK,Yahoo Finance history + Mubasher delayed current trading data,Mubasher delayed stock page,ALIGNED,12:06 PM market time,DELAYED_CURRENT,34599.0,24454.85,Current quote uses Mubasher delayed stock page data; verify live price/spread in Thndr.,Review manually
2026-09-27T10:45:41.988704+00:00,ROTO.CA,General / Verified EGX Expansion,OK,Yahoo Finance history + Mubasher delayed current trading data,Mubasher delayed stock page,ALIGNED,12:30 PM market time,DELAYED_CURRENT,551573.0,22636522.0,Current quote uses Mubasher delayed stock page data; verify live price/spread in Thndr.,Review manually
2026-09-27T10:45:41.988704+00:00,RMDA.CA,Healthcare,OK,Yahoo Finance history + Mubasher delayed current trading data,Mubasher delayed stock page,ALIGNED,12:27 PM market time,DELAYED_CURRENT,3638613.0,20820756.0,Current quote uses Mubasher delayed stock page data; verify live price/spread in Thndr.,Review manually
2026-09-27T10:45:41.988704+00:00,NIPH.CA,Healthcare,OK,Yahoo Finance history + Mubasher delayed current trading data,Mubasher delayed stock page,ALIGNED,12:29 PM market time,DELAYED_CURRENT,127951.0,41664328.0,Current quote uses Mubasher delayed stock page data; verify live price/spread in Thndr.,Review manually
2026-09-27T10:45:41.988704+00:00,EOSB.CA,General / Verified EGX Expansion,OK,Yahoo Finance,Yahoo Finance,,2026-09-23T21:00:00+00:00,FRESH,139132.0,218437.25,,No action
2026-09-27T10:45:41.988704+00:00,ORWE.CA,Textiles,OK,Yahoo Finance history + Mubasher delayed current trading data,Mubasher delayed stock page,ALIGNED,12:28 PM market time,DELAYED_CURRENT,1041517.0,28712150.0,Current quote uses Mubasher delayed stock page data; verify live price/spread in Thndr.,Review manually
2026-09-27T10:45:41.988704+00:00,ICID.CA,General / Verified EGX Expansion,OK,Yahoo Finance history + Mubasher delayed current trading data,Mubasher delayed stock page,ALIGNED,12:21 PM market time,DELAYED_CURRENT,328343.0,5764175.0,Current quote uses Mubasher delayed stock page data; verify live price/spread in Thndr.,Review manually
2026-09-27T10:45:41.988704+00:00,MICH.CA,General / Verified EGX Expansion,OK,Yahoo Finance history + Mubasher delayed current trading data,Mubasher delayed stock page,ALIGNED,12:29 PM market time,DELAYED_CURRENT,181786.0,8714678.0,Current quote uses Mubasher delayed stock page data; verify live price/spread in Thndr.,Review manually
2026-09-27T10:45:41.988704+00:00,SPMD.CA,General / Verified EGX Expansion,OK,Yahoo Finance history + Mubasher delayed current trading data,Mubasher delayed stock page,ALIGNED,12:29 PM market time,DELAYED_CURRENT,23370153.0,9467703.0,Current quote uses Mubasher delayed stock page data; verify live price/spread in Thndr.,Review manually
2026-09-27T10:45:41.988704+00:00,AXPH.CA,General / Verified EGX Expansion,OK,Yahoo Finance history + Mubasher delayed current trading data,Mubasher delayed stock page,ALIGNED,12:28 PM market time,DELAYED_CURRENT,3100.0,5091260.5,Current quote uses Mubasher delayed stock page data; verify live price/spread in Thndr.,Review manually
2026-09-27T10:45:41.988704+00:00,GTWL.CA,General / Verified EGX Expansion,OK,Yahoo Finance history + Mubasher delayed current trading data,Mubasher delayed stock page,ALIGNED,12:29 PM market time,DELAYED_CURRENT,263070.0,57977976.0,Current quote uses Mubasher delayed stock page data; verify live price/spread in Thndr.,Review manually
2026-09-27T10:45:41.988704+00:00,MOIN.CA,General / Verified EGX Expansion,OK,Yahoo Finance history + Mubasher delayed current trading data,Mubasher delayed stock page,ALIGNED,12:29 PM market time,DELAYED_CURRENT,648562.0,23656826.0,Current quote uses Mubasher delayed stock page data; verify live price/spread in Thndr.,Review manually
2026-09-27T10:45:41.988704+00:00,MPCI.CA,General / Verified EGX Expansion,OK,Yahoo Finance history + Mubasher delayed current trading data,Mubasher delayed stock page,ALIGNED,12:29 PM market time,DELAYED_CURRENT,319486.0,121259184.0,Current quote uses Mubasher delayed stock page data; verify live price/spread in Thndr.,Review manually
2026-09-27T10:45:41.988704+00:00,CPCI.CA,General / Verified EGX Expansion,OK,Yahoo Finance history + Mubasher delayed current trading data,Mubasher delayed stock page,ALIGNED,12:26 PM market time,DELAYED_CURRENT,5104.0,2863529.75,Current quote uses Mubasher delayed stock page data; verify live price/spread in Thndr.,Review manually
2026-09-27T10:45:41.988704+00:00,EEII.CA,General / Verified EGX Expansion,OK,Yahoo Finance history + Mubasher delayed current trading data,Mubasher delayed stock page,ALIGNED,12:29 PM market time,DELAYED_CURRENT,2928949.0,6841302.0,Current quote uses Mubasher delayed stock page data; verify live price/spread in Thndr.,Review manually
2026-09-27T10:45:41.988704+00:00,EMFD.CA,Real Estate,OK,Yahoo Finance history + Mubasher delayed current trading data,Mubasher delayed stock page,ALIGNED,12:28 PM market time,DELAYED_CURRENT,2215062.0,29277380.0,Current quote uses Mubasher delayed stock page data; verify live price/spread in Thndr.,Review manually
2026-09-27T10:45:41.988704+00:00,IRON.CA,Basic Resources & Chemicals,OK,Yahoo Finance history + Mubasher delayed current trading data,Mubasher delayed stock page,ALIGNED,12:26 PM market time,DELAYED_CURRENT,195464.0,5372373.0,Current quote uses Mubasher delayed stock page data; verify live price/spread in Thndr.,Review manually
2026-09-27T10:45:41.988704+00:00,KABO.CA,Textiles,OK,Yahoo Finance history + Mubasher delayed current trading data,Mubasher delayed stock page,ALIGNED,12:28 PM market time,DELAYED_CURRENT,762744.0,6810693.0,Current quote uses Mubasher delayed stock page data; verify live price/spread in Thndr.,Review manually
2026-09-27T10:45:41.988704+00:00,MILS.CA,General / Verified EGX Expansion,OK,Yahoo Finance history + Mubasher delayed current trading data,Mubasher delayed stock page,ALIGNED,12:30 PM market time,DELAYED_CURRENT,40166.0,7495788.0,Current quote uses Mubasher delayed stock page data; verify live price/spread in Thndr.,Review manually
2026-09-27T10:45:41.988704+00:00,SIPC.CA,General / Verified EGX Expansion,OK,Yahoo Finance history + Mubasher delayed current trading data,Mubasher delayed stock page,ALIGNED,12:29 PM market time,DELAYED_CURRENT,1839174.0,9474267.0,Current quote uses Mubasher delayed stock page data; verify live price/spread in Thndr.,Review manually
2026-09-27T10:45:41.988704+00:00,MPRC.CA,General / Verified EGX Expansion,OK,Yahoo Finance history + Mubasher delayed current trading data,Mubasher delayed stock page,ALIGNED,12:29 PM market time,DELAYED_CURRENT,179355.0,6987494.5,Current quote uses Mubasher delayed stock page data; verify live price/spread in Thndr.,Review manually
2026-09-27T10:45:41.988704+00:00,ENGC.CA,General / Verified EGX Expansion,OK,Yahoo Finance history + Mubasher delayed current trading data,Mubasher delayed stock page,ALIGNED,12:29 PM market time,DELAYED_CURRENT,164832.0,6769151.5,Current quote uses Mubasher delayed stock page data; verify live price/spread in Thndr.,Review manually
2026-09-27T10:45:41.988704+00:00,MIPH.CA,Healthcare,OK,Yahoo Finance history + Mubasher delayed current trading data,Mubasher delayed stock page,ALIGNED,12:27 PM market time,DELAYED_CURRENT,6340.0,5183524.0,Current quote uses Mubasher delayed stock page data; verify live price/spread in Thndr.,Review manually
2026-09-27T10:45:41.988704+00:00,COMI.CA,Banking & Financials,OK,Yahoo Finance history + Mubasher delayed current trading data,Mubasher delayed stock page,ALIGNED,12:28 PM market time,DELAYED_CURRENT,809910.0,104935176.0,Current quote uses Mubasher delayed stock page data; verify live price/spread in Thndr.,Review manually
2026-09-27T10:45:41.988704+00:00,ISMQ.CA,Basic Resources & Chemicals,OK,Yahoo Finance history + Mubasher delayed current trading data,Mubasher delayed stock page,ALIGNED,12:29 PM market time,DELAYED_CURRENT,1183273.0,10079373.0,Current quote uses Mubasher delayed stock page data; verify live price/spread in Thndr.,Review manually
2026-09-27T10:45:41.988704+00:00,FAIT.CA,Banking & Financials,OK,Yahoo Finance history + Mubasher delayed current trading data,Mubasher delayed stock page,ALIGNED,12:27 PM market time,DELAYED_CURRENT,42954.0,1938764.13,Current quote uses Mubasher delayed stock page data; verify live price/spread in Thndr.,Review manually
2026-09-27T10:45:41.988704+00:00,EGAS.CA,Energy & Petrochemicals,OK,Yahoo Finance history + Mubasher delayed current trading data,Mubasher delayed stock page,UNALIGNED_BLOCKED,12:29 PM market time,DELAYED_CURRENT_UNALIGNED,568394.0,33504626.0,Current quote uses Mubasher delayed stock page data; verify live price/spread in Thndr.; Mubasher current price differs materially from Yahoo history; historical indicators/support/resistance are blocked until the symbol mapping/history is verified.,Review manually
2026-09-27T10:45:41.988704+00:00,PHTV.CA,General / Verified EGX Expansion,OK,Yahoo Finance history + Mubasher delayed current trading data,Mubasher delayed stock page,ALIGNED,12:20 PM market time,DELAYED_CURRENT,2696.0,960640.5,Current quote uses Mubasher delayed stock page data; verify live price/spread in Thndr.,Review manually
2026-09-27T10:45:41.988704+00:00,WCDF.CA,General / Verified EGX Expansion,OK,Yahoo Finance history + Mubasher delayed current trading data,Mubasher delayed stock page,ALIGNED,12:22 PM market time,DELAYED_CURRENT,4202.0,2878121.0,Current quote uses Mubasher delayed stock page data; verify live price/spread in Thndr.,Review manually
2026-09-27T10:45:41.988704+00:00,IDRE.CA,General / Verified EGX Expansion,OK,Yahoo Finance history + Mubasher delayed current trading data,Mubasher delayed stock page,ALIGNED,12:29 PM market time,DELAYED_CURRENT,110787.0,5779072.5,Current quote uses Mubasher delayed stock page data; verify live price/spread in Thndr.,Review manually
2026-09-27T10:45:41.988704+00:00,SUGR.CA,"Food, Beverages & Tobacco",OK,Yahoo Finance history + Mubasher delayed current trading data,Mubasher delayed stock page,ALIGNED,12:24 PM market time,DELAYED_CURRENT,40749.0,2325783.0,Current quote uses Mubasher delayed stock page data; verify live price/spread in Thndr.,Review manually
2026-09-27T10:45:41.988704+00:00,ACAMD.CA,General / Verified EGX Expansion,OK,Yahoo Finance history + Mubasher delayed current trading data,Mubasher delayed stock page,ALIGNED,12:29 PM market time,DELAYED_CURRENT,30253239.0,60910964.0,Current quote uses Mubasher delayed stock page data; verify live price/spread in Thndr.,Review manually
2026-09-27T10:45:41.988704+00:00,EHDR.CA,General / Verified EGX Expansion,OK,Yahoo Finance history + Mubasher delayed current trading data,Mubasher delayed stock page,ALIGNED,12:29 PM market time,DELAYED_CURRENT,7895283.0,20859134.0,Current quote uses Mubasher delayed stock page data; verify live price/spread in Thndr.,Review manually
2026-09-27T10:45:41.988704+00:00,FWRY.CA,Fintech & Payments,OK,Yahoo Finance history + Mubasher delayed current trading data,Mubasher delayed stock page,ALIGNED,12:28 PM market time,DELAYED_CURRENT,1564699.0,29477114.0,Current quote uses Mubasher delayed stock page data; verify live price/spread in Thndr.,Review manually
2026-09-27T10:45:41.988704+00:00,SKPC.CA,Basic Resources & Chemicals,OK,Yahoo Finance history + Mubasher delayed current trading data,Mubasher delayed stock page,ALIGNED,12:27 PM market time,DELAYED_CURRENT,2768396.0,47585672.0,Current quote uses Mubasher delayed stock page data; verify live price/spread in Thndr.,Review manually
2026-09-27T10:45:41.988704+00:00,POUL.CA,"Food, Beverages & Tobacco",OK,Yahoo Finance history + Mubasher delayed current trading data,Mubasher delayed stock page,UNALIGNED_BLOCKED,12:27 PM market time,DELAYED_CURRENT_UNALIGNED,13636771.0,151878896.0,Current quote uses Mubasher delayed stock page data; verify live price/spread in Thndr.; Mubasher current price differs materially from Yahoo history; historical indicators/support/resistance are blocked until the symbol mapping/history is verified.,Review manually
2026-09-27T10:45:41.988704+00:00,AALR.CA,General / Verified EGX Expansion,OK,Yahoo Finance history + Mubasher delayed current trading data,Mubasher delayed stock page,ALIGNED,12:26 PM market time,DELAYED_CURRENT,18329.0,5214678.5,Current quote uses Mubasher delayed stock page data; verify live price/spread in Thndr.,Review manually
2026-09-27T10:45:41.988704+00:00,IFAP.CA,Agriculture & Food Production,OK,Yahoo Finance history + Mubasher delayed current trading data,Mubasher delayed stock page,ALIGNED,12:27 PM market time,DELAYED_CURRENT,158993.0,3199635.75,Current quote uses Mubasher delayed stock page data; verify live price/spread in Thndr.,Review manually
2026-09-27T10:45:41.988704+00:00,MASR.CA,General / Verified EGX Expansion,OK,Yahoo Finance history + Mubasher delayed current trading data,Mubasher delayed stock page,ALIGNED,12:28 PM market time,DELAYED_CURRENT,4086869.0,30338020.0,Current quote uses Mubasher delayed stock page data; verify live price/spread in Thndr.,Review manually
2026-09-27T10:45:41.988704+00:00,CERA.CA,General / Verified EGX Expansion,OK,Yahoo Finance history + Mubasher delayed current trading data,Mubasher delayed stock page,ALIGNED,12:29 PM market time,DELAYED_CURRENT,72219231.0,92798392.0,Current quote uses Mubasher delayed stock page data; verify live price/spread in Thndr.,Review manually
2026-09-27T10:45:41.988704+00:00,DAPH.CA,General / Verified EGX Expansion,OK,Yahoo Finance history + Mubasher delayed current trading data,Mubasher delayed stock page,ALIGNED,12:29 PM market time,DELAYED_CURRENT,235251.0,25283318.0,Current quote uses Mubasher delayed stock page data; verify live price/spread in Thndr.,Review manually
2026-09-27T10:45:41.988704+00:00,ELSH.CA,General / Verified EGX Expansion,OK,Yahoo Finance history + Mubasher delayed current trading data,Mubasher delayed stock page,ALIGNED,12:29 PM market time,DELAYED_CURRENT,2405035.0,29623692.0,Current quote uses Mubasher delayed stock page data; verify live price/spread in Thndr.,Review manually
2026-09-27T10:45:41.988704+00:00,SDTI.CA,General / Verified EGX Expansion,OK,Yahoo Finance history + Mubasher delayed current trading data,Mubasher delayed stock page,UNALIGNED_BLOCKED,12:29 PM market time,DELAYED_CURRENT_UNALIGNED,1641321.0,141663648.0,Current quote uses Mubasher delayed stock page data; verify live price/spread in Thndr.; Mubasher current price differs materially from Yahoo history; historical indicators/support/resistance are blocked until the symbol mapping/history is verified.,Review manually
2026-09-27T10:45:41.988704+00:00,CICH.CA,Non-bank Financial Services,OK,Yahoo Finance history + Mubasher delayed current trading data,Mubasher delayed stock page,ALIGNED,12:28 PM market time,DELAYED_CURRENT,145014.0,1766062.25,Current quote uses Mubasher delayed stock page data; verify live price/spread in Thndr.,Review manually
2026-09-27T10:45:41.988704+00:00,OCDI.CA,Real Estate,OK,Yahoo Finance history + Mubasher delayed current trading data,Mubasher delayed stock page,ALIGNED,12:28 PM market time,DELAYED_CURRENT,677978.0,19167650.0,Current quote uses Mubasher delayed stock page data; verify live price/spread in Thndr.,Review manually
2026-09-27T10:45:41.988704+00:00,ZMID.CA,Real Estate,OK,Yahoo Finance history + Mubasher delayed current trading data,Mubasher delayed stock page,ALIGNED,12:28 PM market time,DELAYED_CURRENT,19701498.0,162519248.0,Current quote uses Mubasher delayed stock page data; verify live price/spread in Thndr.,Review manually
2026-09-27T10:45:41.988704+00:00,NINH.CA,General / Verified EGX Expansion,OK,Yahoo Finance history + Mubasher delayed current trading data,Mubasher delayed stock page,ALIGNED,12:30 PM market time,DELAYED_CURRENT,481769.0,9697003.0,Current quote uses Mubasher delayed stock page data; verify live price/spread in Thndr.,Review manually
2026-09-27T10:45:41.988704+00:00,SWDY.CA,Industrial Goods & Cables,OK,Yahoo Finance history + Mubasher delayed current trading data,Mubasher delayed stock page,ALIGNED,12:28 PM market time,DELAYED_CURRENT,340001.0,40103648.0,Current quote uses Mubasher delayed stock page data; verify live price/spread in Thndr.,Review manually
2026-09-27T10:45:41.988704+00:00,CLHO.CA,Healthcare,OK,Yahoo Finance history + Mubasher delayed current trading data,Mubasher delayed stock page,ALIGNED,12:28 PM market time,DELAYED_CURRENT,700713.0,10964298.0,Current quote uses Mubasher delayed stock page data; verify live price/spread in Thndr.,Review manually
2026-09-27T10:45:41.988704+00:00,ISPH.CA,Healthcare,OK,Yahoo Finance history + Mubasher delayed current trading data,Mubasher delayed stock page,ALIGNED,12:28 PM market time,DELAYED_CURRENT,2437469.0,28708630.0,Current quote uses Mubasher delayed stock page data; verify live price/spread in Thndr.,Review manually
2026-09-27T10:45:41.988704+00:00,PHAR.CA,Healthcare,OK,Yahoo Finance history + Mubasher delayed current trading data,Mubasher delayed stock page,ALIGNED,12:28 PM market time,DELAYED_CURRENT,599062.0,67643760.0,Current quote uses Mubasher delayed stock page data; verify live price/spread in Thndr.,Review manually
2026-09-27T10:45:41.988704+00:00,ARCC.CA,Building Materials,OK,Yahoo Finance history + Mubasher delayed current trading data,Mubasher delayed stock page,ALIGNED,12:28 PM market time,DELAYED_CURRENT,542499.0,35833256.0,Current quote uses Mubasher delayed stock page data; verify live price/spread in Thndr.,Review manually
2026-09-27T10:45:41.988704+00:00,EGBE.CA,Banking & Financials,OK,Yahoo Finance history + Mubasher delayed current trading data,Mubasher delayed stock page,ALIGNED,11:49 AM market time,DELAYED_CURRENT,16459.0,8491.41,Current quote uses Mubasher delayed stock page data; verify live price/spread in Thndr.,Review manually
2026-09-27T10:45:41.988704+00:00,JUFO.CA,"Food, Beverages & Tobacco",OK,Yahoo Finance history + Mubasher delayed current trading data,Mubasher delayed stock page,ALIGNED,12:28 PM market time,DELAYED_CURRENT,463861.0,12070220.0,Current quote uses Mubasher delayed stock page data; verify live price/spread in Thndr.,Review manually
2026-09-27T10:45:41.988704+00:00,MBSC.CA,Building Materials,OK,Yahoo Finance history + Mubasher delayed current trading data,Mubasher delayed stock page,ALIGNED,12:28 PM market time,DELAYED_CURRENT,77528.0,25586512.0,Current quote uses Mubasher delayed stock page data; verify live price/spread in Thndr.,Review manually
2026-09-27T10:45:41.988704+00:00,MCQE.CA,Building Materials,OK,Yahoo Finance history + Mubasher delayed current trading data,Mubasher delayed stock page,ALIGNED,12:28 PM market time,DELAYED_CURRENT,58651.0,11931155.0,Current quote uses Mubasher delayed stock page data; verify live price/spread in Thndr.,Review manually
2026-09-27T10:45:41.988704+00:00,SCEM.CA,Building Materials,OK,Yahoo Finance history + Mubasher delayed current trading data,Mubasher delayed stock page,ALIGNED,12:28 PM market time,DELAYED_CURRENT,1020003.0,86788880.0,Current quote uses Mubasher delayed stock page data; verify live price/spread in Thndr.,Review manually
2026-09-27T10:45:41.988704+00:00,HRHO.CA,Non-bank Financial Services,OK,Yahoo Finance history + Mubasher delayed current trading data,Mubasher delayed stock page,ALIGNED,12:28 PM market time,DELAYED_CURRENT,2145086.0,52082736.0,Current quote uses Mubasher delayed stock page data; verify live price/spread in Thndr.,Review manually
2026-09-27T10:45:41.988704+00:00,BTFH.CA,Non-bank Financial Services,OK,Yahoo Finance history + Mubasher delayed current trading data,Mubasher delayed stock page,ALIGNED,12:28 PM market time,DELAYED_CURRENT,17637086.0,49737928.0,Current quote uses Mubasher delayed stock page data; verify live price/spread in Thndr.,Review manually
2026-09-27T10:45:41.988704+00:00,MFSC.CA,General / Verified EGX Expansion,OK,Yahoo Finance history + Mubasher delayed current trading data,Mubasher delayed stock page,ALIGNED,12:25 PM market time,DELAYED_CURRENT,84077.0,4140978.0,Current quote uses Mubasher delayed stock page data; verify live price/spread in Thndr.,Review manually
2026-09-27T10:45:41.988704+00:00,ADPC.CA,General / Verified EGX Expansion,OK,Yahoo Finance history + Mubasher delayed current trading data,Mubasher delayed stock page,ALIGNED,12:29 PM market time,DELAYED_CURRENT,3252763.0,12278765.0,Current quote uses Mubasher delayed stock page data; verify live price/spread in Thndr.,Review manually
2026-09-27T10:45:41.988704+00:00,AMES.CA,General / Verified EGX Expansion,OK,Yahoo Finance history + Mubasher delayed current trading data,Mubasher delayed stock page,ALIGNED,12:29 PM market time,DELAYED_CURRENT,724941.0,35018292.0,Current quote uses Mubasher delayed stock page data; verify live price/spread in Thndr.,Review manually
2026-09-27T10:45:41.988704+00:00,DSCW.CA,General / Verified EGX Expansion,OK,Yahoo Finance history + Mubasher delayed current trading data,Mubasher delayed stock page,ALIGNED,12:29 PM market time,DELAYED_CURRENT,7117235.0,12522097.0,Current quote uses Mubasher delayed stock page data; verify live price/spread in Thndr.,Review manually
2026-09-27T10:45:41.988704+00:00,GDWA.CA,General / Verified EGX Expansion,OK,Yahoo Finance history + Mubasher delayed current trading data,Mubasher delayed stock page,ALIGNED,12:29 PM market time,DELAYED_CURRENT,26388305.0,18523702.0,Current quote uses Mubasher delayed stock page data; verify live price/spread in Thndr.,Review manually
2026-09-27T10:45:41.988704+00:00,UEGC.CA,General / Verified EGX Expansion,OK,Yahoo Finance history + Mubasher delayed current trading data,Mubasher delayed stock page,ALIGNED,12:30 PM market time,DELAYED_CURRENT,13179387.0,20549450.0,Current quote uses Mubasher delayed stock page data; verify live price/spread in Thndr.,Review manually
2026-09-27T10:45:41.988704+00:00,AFMC.CA,General / Verified EGX Expansion,OK,Yahoo Finance history + Mubasher delayed current trading data,Mubasher delayed stock page,ALIGNED,12:28 PM market time,DELAYED_CURRENT,25845.0,3984178.0,Current quote uses Mubasher delayed stock page data; verify live price/spread in Thndr.,Review manually
2026-09-27T10:45:41.988704+00:00,BIOC.CA,General / Verified EGX Expansion,OK,Yahoo Finance history + Mubasher delayed current trading data,Mubasher delayed stock page,ALIGNED,12:29 PM market time,DELAYED_CURRENT,34670.0,8976089.0,Current quote uses Mubasher delayed stock page data; verify live price/spread in Thndr.,Review manually
2026-09-27T10:45:41.988704+00:00,WKOL.CA,General / Verified EGX Expansion,OK,Yahoo Finance history + Mubasher delayed current trading data,Mubasher delayed stock page,ALIGNED,12:30 PM market time,DELAYED_CURRENT,12427.0,3962439.0,Current quote uses Mubasher delayed stock page data; verify live price/spread in Thndr.,Review manually
2026-09-27T10:45:41.988704+00:00,MAAL.CA,General / Verified EGX Expansion,OK,Yahoo Finance history + Mubasher delayed current trading data,Mubasher delayed stock page,UNALIGNED_BLOCKED,12:29 PM market time,DELAYED_CURRENT_UNALIGNED,4782029.0,54437932.0,Current quote uses Mubasher delayed stock page data; verify live price/spread in Thndr.; Mubasher current price differs materially from Yahoo history; historical indicators/support/resistance are blocked until the symbol mapping/history is verified.,Review manually
2026-09-27T10:45:41.988704+00:00,CEFM.CA,General / Verified EGX Expansion,OK,Yahoo Finance history + Mubasher delayed current trading data,Mubasher delayed stock page,ALIGNED,12:26 PM market time,DELAYED_CURRENT,6251.0,878384.63,Current quote uses Mubasher delayed stock page data; verify live price/spread in Thndr.,Review manually
2026-09-27T10:45:41.988704+00:00,TMGH.CA,Real Estate,OK,Yahoo Finance history + Mubasher delayed current trading data,Mubasher delayed stock page,ALIGNED,12:28 PM market time,DELAYED_CURRENT,2306308.0,207460944.0,Current quote uses Mubasher delayed stock page data; verify live price/spread in Thndr.,Review manually
2026-09-27T10:45:41.988704+00:00,ARAB.CA,Real Estate,OK,Yahoo Finance history + Mubasher delayed current trading data,Mubasher delayed stock page,ALIGNED,12:28 PM market time,DELAYED_CURRENT,145783915.0,33008028.0,Current quote uses Mubasher delayed stock page data; verify live price/spread in Thndr.,Review manually
2026-09-27T10:45:41.988704+00:00,MOED.CA,General / Verified EGX Expansion,OK,Yahoo Finance history + Mubasher delayed current trading data,Mubasher delayed stock page,ALIGNED,12:29 PM market time,DELAYED_CURRENT,13824890.0,9697814.0,Current quote uses Mubasher delayed stock page data; verify live price/spread in Thndr.,Review manually
2026-09-27T10:45:41.988704+00:00,ELEC.CA,Industrial Goods & Cables,OK,Yahoo Finance history + Mubasher delayed current trading data,Mubasher delayed stock page,ALIGNED,12:29 PM market time,DELAYED_CURRENT,17706406.0,34263148.0,Current quote uses Mubasher delayed stock page data; verify live price/spread in Thndr.,Review manually
2026-09-27T10:45:41.988704+00:00,CCRS.CA,General / Verified EGX Expansion,OK,Yahoo Finance history + Mubasher delayed current trading data,Mubasher delayed stock page,ALIGNED,12:29 PM market time,DELAYED_CURRENT,1411801.0,3548519.5,Current quote uses Mubasher delayed stock page data; verify live price/spread in Thndr.,Review manually
2026-09-27T10:45:41.988704+00:00,FERC.CA,Basic Resources & Chemicals,OK,Yahoo Finance history + Mubasher delayed current trading data,Mubasher delayed stock page,ALIGNED,12:25 PM market time,DELAYED_CURRENT,40471.0,3103314.75,Current quote uses Mubasher delayed stock page data; verify live price/spread in Thndr.,Review manually
2026-09-27T10:45:41.988704+00:00,GSSC.CA,General / Verified EGX Expansion,OK,Yahoo Finance history + Mubasher delayed current trading data,Mubasher delayed stock page,ALIGNED,12:29 PM market time,DELAYED_CURRENT,1456.0,426984.81,Current quote uses Mubasher delayed stock page data; verify live price/spread in Thndr.,Review manually
2026-09-27T10:45:41.988704+00:00,PRDC.CA,Real Estate,OK,Yahoo Finance history + Mubasher delayed current trading data,Mubasher delayed stock page,ALIGNED,12:28 PM market time,DELAYED_CURRENT,1170491.0,8512914.0,Current quote uses Mubasher delayed stock page data; verify live price/spread in Thndr.,Review manually
2026-09-27T10:45:41.988704+00:00,NAHO.CA,General / Verified EGX Expansion,OK,Yahoo Finance history + Mubasher delayed current trading data,Mubasher delayed stock page,ALIGNED,11:54 AM market time,DELAYED_CURRENT,70300.0,9235.8,Current quote uses Mubasher delayed stock page data; verify live price/spread in Thndr.,Review manually
2026-09-27T10:45:41.988704+00:00,DEIN.CA,General / Verified EGX Expansion,OK,Yahoo Finance history + Mubasher delayed current trading data,Mubasher delayed stock page,ALIGNED,10 September 11:17 AM market time,DELAYED_CURRENT,4.0,49.68,Current quote uses Mubasher delayed stock page data; verify live price/spread in Thndr.,Review manually
2026-09-27T10:45:41.988704+00:00,RAYA.CA,Technology & Distribution,OK,Yahoo Finance history + Mubasher delayed current trading data,Mubasher delayed stock page,UNALIGNED_BLOCKED,12:28 PM market time,DELAYED_CURRENT_UNALIGNED,12118025.0,81165512.0,Current quote uses Mubasher delayed stock page data; verify live price/spread in Thndr.; Mubasher current price differs materially from Yahoo history; historical indicators/support/resistance are blocked until the symbol mapping/history is verified.,Review manually
2026-09-27T10:45:41.988704+00:00,EASB.CA,General / Verified EGX Expansion,OK,Yahoo Finance history + Mubasher delayed current trading data,Mubasher delayed stock page,ALIGNED,12:27 PM market time,DELAYED_CURRENT,365644.0,2753091.75,Current quote uses Mubasher delayed stock page data; verify live price/spread in Thndr.,Review manually
2026-09-27T10:45:41.988704+00:00,NHPS.CA,General / Verified EGX Expansion,OK,Yahoo Finance history + Mubasher delayed current trading data,Mubasher delayed stock page,ALIGNED,12:30 PM market time,DELAYED_CURRENT,98065.0,7532833.5,Current quote uses Mubasher delayed stock page data; verify live price/spread in Thndr.,Review manually
2026-09-27T10:45:41.988704+00:00,COSG.CA,General / Verified EGX Expansion,OK,Yahoo Finance history + Mubasher delayed current trading data,Mubasher delayed stock page,ALIGNED,12:29 PM market time,DELAYED_CURRENT,4487730.0,7473206.0,Current quote uses Mubasher delayed stock page data; verify live price/spread in Thndr.,Review manually
2026-09-27T10:45:41.988704+00:00,MTIE.CA,Automotive & Distribution,OK,Yahoo Finance history + Mubasher delayed current trading data,Mubasher delayed stock page,ALIGNED,12:28 PM market time,DELAYED_CURRENT,881020.0,7222961.0,Current quote uses Mubasher delayed stock page data; verify live price/spread in Thndr.,Review manually
2026-09-27T10:45:41.988704+00:00,AFDI.CA,General / Verified EGX Expansion,OK,Yahoo Finance history + Mubasher delayed current trading data,Mubasher delayed stock page,ALIGNED,12:27 PM market time,DELAYED_CURRENT,34833.0,1816792.38,Current quote uses Mubasher delayed stock page data; verify live price/spread in Thndr.,Review manually
2026-09-27T10:45:41.988704+00:00,LCSW.CA,Building Materials,OK,Yahoo Finance history + Mubasher delayed current trading data,Mubasher delayed stock page,ALIGNED,12:28 PM market time,DELAYED_CURRENT,235181.0,7485440.0,Current quote uses Mubasher delayed stock page data; verify live price/spread in Thndr.,Review manually
2026-09-27T10:45:41.988704+00:00,MEPA.CA,General / Verified EGX Expansion,OK,Yahoo Finance history + Mubasher delayed current trading data,Mubasher delayed stock page,ALIGNED,12:29 PM market time,DELAYED_CURRENT,3623510.0,6522848.5,Current quote uses Mubasher delayed stock page data; verify live price/spread in Thndr.,Review manually
2026-09-27T10:45:41.988704+00:00,CIEB.CA,Banking & Financials,OK,Yahoo Finance history + Mubasher delayed current trading data,Mubasher delayed stock page,ALIGNED,12:28 PM market time,DELAYED_CURRENT,209683.0,5085310.5,Current quote uses Mubasher delayed stock page data; verify live price/spread in Thndr.,Review manually
2026-09-27T10:45:41.988704+00:00,ORAS.CA,Industrial Goods & Construction,OK,Yahoo Finance history + Mubasher delayed current trading data,Mubasher delayed stock page,UNALIGNED_BLOCKED,12:28 PM market time,DELAYED_CURRENT_UNALIGNED,30300.0,24905186.0,Current quote uses Mubasher delayed stock page data; verify live price/spread in Thndr.; Mubasher current price differs materially from Yahoo history; historical indicators/support/resistance are blocked until the symbol mapping/history is verified.,Review manually
2026-09-27T10:45:41.988704+00:00,ADCI.CA,General / Verified EGX Expansion,OK,Yahoo Finance history + Mubasher delayed current trading data,Mubasher delayed stock page,ALIGNED,12:28 PM market time,DELAYED_CURRENT,5106.0,1439162.63,Current quote uses Mubasher delayed stock page data; verify live price/spread in Thndr.,Review manually
2026-09-27T10:45:41.988704+00:00,EBSC.CA,General / Verified EGX Expansion,OK,Yahoo Finance history + Mubasher delayed current trading data,Mubasher delayed stock page,ALIGNED,12:26 PM market time,DELAYED_CURRENT,729779.0,1419472.38,Current quote uses Mubasher delayed stock page data; verify live price/spread in Thndr.,Review manually
2026-09-27T10:45:41.988704+00:00,EFIC.CA,Basic Resources & Chemicals,OK,Yahoo Finance history + Mubasher delayed current trading data,Mubasher delayed stock page,UNALIGNED_BLOCKED,12:28 PM market time,DELAYED_CURRENT_UNALIGNED,245245.0,42366644.0,Current quote uses Mubasher delayed stock page data; verify live price/spread in Thndr.; Mubasher current price differs materially from Yahoo history; historical indicators/support/resistance are blocked until the symbol mapping/history is verified.,Review manually
2026-09-27T10:45:41.988704+00:00,ISMA.CA,General / Verified EGX Expansion,OK,Yahoo Finance history + Mubasher delayed current trading data,Mubasher delayed stock page,ALIGNED,12:28 PM market time,DELAYED_CURRENT,213712.0,6217139.0,Current quote uses Mubasher delayed stock page data; verify live price/spread in Thndr.,Review manually
2026-09-27T10:45:41.988704+00:00,UNIT.CA,Real Estate,OK,Yahoo Finance history + Mubasher delayed current trading data,Mubasher delayed stock page,ALIGNED,12:23 PM market time,DELAYED_CURRENT,75676.0,1324321.13,Current quote uses Mubasher delayed stock page data; verify live price/spread in Thndr.,Review manually
2026-09-27T10:45:41.988704+00:00,ASCM.CA,General / Verified EGX Expansion,OK,Yahoo Finance history + Mubasher delayed current trading data,Mubasher delayed stock page,ALIGNED,12:29 PM market time,DELAYED_CURRENT,101870.0,5999844.5,Current quote uses Mubasher delayed stock page data; verify live price/spread in Thndr.,Review manually
2026-09-27T10:45:41.988704+00:00,ELKA.CA,General / Verified EGX Expansion,OK,Yahoo Finance history + Mubasher delayed current trading data,Mubasher delayed stock page,ALIGNED,12:29 PM market time,DELAYED_CURRENT,3772198.0,5998540.5,Current quote uses Mubasher delayed stock page data; verify live price/spread in Thndr.,Review manually
2026-09-27T10:45:41.988704+00:00,INFI.CA,General / Verified EGX Expansion,OK,Yahoo Finance history + Mubasher delayed current trading data,Mubasher delayed stock page,ALIGNED,12:29 PM market time,DELAYED_CURRENT,46904.0,5983419.0,Current quote uses Mubasher delayed stock page data; verify live price/spread in Thndr.,Review manually
2026-09-27T10:45:41.988704+00:00,NEDA.CA,General / Verified EGX Expansion,OK,Yahoo Finance,Yahoo Finance,,2026-09-23T21:00:00+00:00,FRESH,175861.0,474824.71,,No action
2026-09-27T10:45:41.988704+00:00,FAITA.CA,Banking & Financials,OK,Yahoo Finance history + Mubasher delayed current trading data,Mubasher delayed stock page,ALIGNED,11:58 AM market time,DELAYED_CURRENT,11286.0,11099.2,Current quote uses Mubasher delayed stock page data; verify live price/spread in Thndr.,Review manually
2026-09-27T10:45:41.988704+00:00,SPIN.CA,Textiles,OK,Yahoo Finance history + Mubasher delayed current trading data,Mubasher delayed stock page,ALIGNED,12:28 PM market time,DELAYED_CURRENT,267778.0,4438378.0,Current quote uses Mubasher delayed stock page data; verify live price/spread in Thndr.,Review manually
2026-09-27T10:45:41.988704+00:00,SCFM.CA,General / Verified EGX Expansion,OK,Yahoo Finance history + Mubasher delayed current trading data,Mubasher delayed stock page,ALIGNED,12:21 PM market time,DELAYED_CURRENT,4999.0,1267011.13,Current quote uses Mubasher delayed stock page data; verify live price/spread in Thndr.,Review manually
2026-09-27T10:45:41.988704+00:00,CSAG.CA,Transportation & Logistics,OK,Yahoo Finance history + Mubasher delayed current trading data,Mubasher delayed stock page,ALIGNED,12:28 PM market time,DELAYED_CURRENT,78037.0,2936943.25,Current quote uses Mubasher delayed stock page data; verify live price/spread in Thndr.,Review manually
2026-09-27T10:45:41.988704+00:00,EAST.CA,"Food, Beverages & Tobacco",OK,Yahoo Finance history + Mubasher delayed current trading data,Mubasher delayed stock page,ALIGNED,12:26 PM market time,DELAYED_CURRENT,180754.0,5701409.5,Current quote uses Mubasher delayed stock page data; verify live price/spread in Thndr.,Review manually
2026-09-27T10:45:41.988704+00:00,ASPI.CA,General / Verified EGX Expansion,OK,Yahoo Finance history + Mubasher delayed current trading data,Mubasher delayed stock page,UNALIGNED_BLOCKED,12:29 PM market time,DELAYED_CURRENT_UNALIGNED,46632014.0,18038220.0,Current quote uses Mubasher delayed stock page data; verify live price/spread in Thndr.; Mubasher current price differs materially from Yahoo history; historical indicators/support/resistance are blocked until the symbol mapping/history is verified.,Review manually
2026-09-27T10:45:41.988704+00:00,MCRO.CA,General / Verified EGX Expansion,OK,Yahoo Finance history + Mubasher delayed current trading data,Mubasher delayed stock page,UNALIGNED_BLOCKED,12:29 PM market time,DELAYED_CURRENT_UNALIGNED,16976451.0,26505732.0,Current quote uses Mubasher delayed stock page data; verify live price/spread in Thndr.; Mubasher current price differs materially from Yahoo history; historical indicators/support/resistance are blocked until the symbol mapping/history is verified.,Review manually
2026-09-27T10:45:41.988704+00:00,OFH.CA,General / Verified EGX Expansion,OK,Yahoo Finance history + Mubasher delayed current trading data,Mubasher delayed stock page,UNALIGNED_BLOCKED,12:30 PM market time,DELAYED_CURRENT_UNALIGNED,117572789.0,117317112.0,Current quote uses Mubasher delayed stock page data; verify live price/spread in Thndr.; Mubasher current price differs materially from Yahoo history; historical indicators/support/resistance are blocked until the symbol mapping/history is verified.,Review manually
2026-09-27T10:45:41.988704+00:00,RUBX.CA,General / Verified EGX Expansion,OK,Yahoo Finance history + Mubasher delayed current trading data,Mubasher delayed stock page,UNALIGNED_BLOCKED,12:30 PM market time,DELAYED_CURRENT_UNALIGNED,3148137.0,53760788.0,Current quote uses Mubasher delayed stock page data; verify live price/spread in Thndr.; Mubasher current price differs materially from Yahoo history; historical indicators/support/resistance are blocked until the symbol mapping/history is verified.,Review manually
2026-09-27T10:45:41.988704+00:00,SVCE.CA,General / Verified EGX Expansion,OK,Yahoo Finance history + Mubasher delayed current trading data,Mubasher delayed stock page,UNALIGNED_BLOCKED,12:30 PM market time,DELAYED_CURRENT_UNALIGNED,2243411.0,24159962.0,Current quote uses Mubasher delayed stock page data; verify live price/spread in Thndr.; Mubasher current price differs materially from Yahoo history; historical indicators/support/resistance are blocked until the symbol mapping/history is verified.,Review manually
2026-09-27T10:45:41.988704+00:00,ODIN.CA,General / Verified EGX Expansion,OK,Yahoo Finance history + Mubasher delayed current trading data,Mubasher delayed stock page,ALIGNED,12:27 PM market time,DELAYED_CURRENT,1842712.0,4854661.5,Current quote uses Mubasher delayed stock page data; verify live price/spread in Thndr.,Review manually
2026-09-27T10:45:41.988704+00:00,PHDC.CA,Real Estate,OK,Yahoo Finance history + Mubasher delayed current trading data,Mubasher delayed stock page,UNALIGNED_BLOCKED,12:28 PM market time,DELAYED_CURRENT_UNALIGNED,6437074.0,84093608.0,Current quote uses Mubasher delayed stock page data; verify live price/spread in Thndr.; Mubasher current price differs materially from Yahoo history; historical indicators/support/resistance are blocked until the symbol mapping/history is verified.,Review manually
2026-09-27T10:45:41.988704+00:00,OLFI.CA,"Food, Beverages & Tobacco",OK,Yahoo Finance history + Mubasher delayed current trading data,Mubasher delayed stock page,ALIGNED,12:27 PM market time,DELAYED_CURRENT,106201.0,2391766.25,Current quote uses Mubasher delayed stock page data; verify live price/spread in Thndr.,Review manually
2026-09-27T10:45:41.988704+00:00,UNIP.CA,General / Verified EGX Expansion,OK,Yahoo Finance history + Mubasher delayed current trading data,Mubasher delayed stock page,ALIGNED,12:30 PM market time,DELAYED_CURRENT,12812907.0,4674542.0,Current quote uses Mubasher delayed stock page data; verify live price/spread in Thndr.,Review manually
2026-09-27T10:45:41.988704+00:00,KWIN.CA,General / Verified EGX Expansion,OK,Yahoo Finance history + Mubasher delayed current trading data,Mubasher delayed stock page,ALIGNED,12:26 PM market time,DELAYED_CURRENT,52435.0,4595893.5,Current quote uses Mubasher delayed stock page data; verify live price/spread in Thndr.,Review manually
2026-09-27T10:45:41.988704+00:00,APSW.CA,General / Verified EGX Expansion,OK,Yahoo Finance,Yahoo Finance,,2026-09-23T21:00:00+00:00,FRESH,62581.0,512538.36,,No action
2026-09-27T10:45:41.988704+00:00,ETRS.CA,General / Verified EGX Expansion,OK,Yahoo Finance history + Mubasher delayed current trading data,Mubasher delayed stock page,ALIGNED,12:29 PM market time,DELAYED_CURRENT,423833.0,4486134.5,Current quote uses Mubasher delayed stock page data; verify live price/spread in Thndr.,Review manually
2026-09-27T10:45:41.988704+00:00,CNFN.CA,Non-bank Financial Services,OK,Yahoo Finance history + Mubasher delayed current trading data,Mubasher delayed stock page,ALIGNED,12:28 PM market time,DELAYED_CURRENT,1209089.0,5128941.5,Current quote uses Mubasher delayed stock page data; verify live price/spread in Thndr.,Review manually
2026-09-27T10:45:41.988704+00:00,DOMT.CA,"Food, Beverages & Tobacco",OK,Yahoo Finance history + Mubasher delayed current trading data,Mubasher delayed stock page,ALIGNED,12:25 PM market time,DELAYED_CURRENT,193706.0,4929788.0,Current quote uses Mubasher delayed stock page data; verify live price/spread in Thndr.,Review manually
2026-09-27T10:45:41.988704+00:00,PRCL.CA,Building Materials,OK,Yahoo Finance history + Mubasher delayed current trading data,Mubasher delayed stock page,UNALIGNED_BLOCKED,12:28 PM market time,DELAYED_CURRENT_UNALIGNED,406606.0,12394130.0,Current quote uses Mubasher delayed stock page data; verify live price/spread in Thndr.; Mubasher current price differs materially from Yahoo history; historical indicators/support/resistance are blocked until the symbol mapping/history is verified.,Review manually
2026-09-27T10:45:41.988704+00:00,GRCA.CA,General / Verified EGX Expansion,OK,Yahoo Finance history + Mubasher delayed current trading data,Mubasher delayed stock page,ALIGNED,12:25 PM market time,DELAYED_CURRENT,129738.0,5100920.5,Current quote uses Mubasher delayed stock page data; verify live price/spread in Thndr.,Review manually
2026-09-27T10:45:41.988704+00:00,RAKT.CA,General / Verified EGX Expansion,OK,Yahoo Finance,Yahoo Finance,,2026-09-23T21:00:00+00:00,FRESH,2191.0,48377.28,,No action
2026-09-27T10:45:41.988704+00:00,OBRI.CA,General / Verified EGX Expansion,OK,Yahoo Finance history + Mubasher delayed current trading data,Mubasher delayed stock page,ALIGNED,12:29 PM market time,DELAYED_CURRENT,163490.0,4687482.0,Current quote uses Mubasher delayed stock page data; verify live price/spread in Thndr.,Review manually
2026-09-27T10:45:41.988704+00:00,SCTS.CA,Education,OK,Yahoo Finance history + Mubasher delayed current trading data,Mubasher delayed stock page,ALIGNED,12:25 PM market time,DELAYED_CURRENT,876.0,503442.53,Current quote uses Mubasher delayed stock page data; verify live price/spread in Thndr.,Review manually
2026-09-27T10:45:41.988704+00:00,GGCC.CA,General / Verified EGX Expansion,OK,Yahoo Finance history + Mubasher delayed current trading data,Mubasher delayed stock page,ALIGNED,12:29 PM market time,DELAYED_CURRENT,4289848.0,3247430.25,Current quote uses Mubasher delayed stock page data; verify live price/spread in Thndr.,Review manually
2026-09-27T10:45:41.988704+00:00,CFGH.CA,General / Verified EGX Expansion,OK,Yahoo Finance,Yahoo Finance,,2026-09-23T21:00:00+00:00,FRESH,14874.0,1710.51,,No action
2026-09-27T10:45:41.988704+00:00,AREH.CA,General / Verified EGX Expansion,OK,Yahoo Finance history + Mubasher delayed current trading data,Mubasher delayed stock page,ALIGNED,12:29 PM market time,DELAYED_CURRENT,2768287.0,3791971.0,Current quote uses Mubasher delayed stock page data; verify live price/spread in Thndr.,Review manually
2026-09-27T10:45:41.988704+00:00,ALUM.CA,General / Verified EGX Expansion,OK,Yahoo Finance history + Mubasher delayed current trading data,Mubasher delayed stock page,ALIGNED,12:28 PM market time,DELAYED_CURRENT,115291.0,2779991.5,Current quote uses Mubasher delayed stock page data; verify live price/spread in Thndr.,Review manually
2026-09-27T10:45:41.988704+00:00,OCPH.CA,General / Verified EGX Expansion,OK,Yahoo Finance history + Mubasher delayed current trading data,Mubasher delayed stock page,ALIGNED,12:28 PM market time,DELAYED_CURRENT,7353.0,1669290.13,Current quote uses Mubasher delayed stock page data; verify live price/spread in Thndr.,Review manually
2026-09-27T10:45:41.988704+00:00,RACC.CA,General / Verified EGX Expansion,OK,Yahoo Finance history + Mubasher delayed current trading data,Mubasher delayed stock page,ALIGNED,12:29 PM market time,DELAYED_CURRENT,274996.0,2594994.5,Current quote uses Mubasher delayed stock page data; verify live price/spread in Thndr.,Review manually
2026-09-27T10:45:41.988704+00:00,RREI.CA,General / Verified EGX Expansion,OK,Yahoo Finance history + Mubasher delayed current trading data,Mubasher delayed stock page,ALIGNED,12:29 PM market time,DELAYED_CURRENT,547289.0,2222233.5,Current quote uses Mubasher delayed stock page data; verify live price/spread in Thndr.,Review manually
2026-09-27T10:45:41.988704+00:00,RTVC.CA,General / Verified EGX Expansion,OK,Yahoo Finance history + Mubasher delayed current trading data,Mubasher delayed stock page,ALIGNED,12:28 PM market time,DELAYED_CURRENT,857263.0,3184100.5,Current quote uses Mubasher delayed stock page data; verify live price/spread in Thndr.,Review manually
2026-09-27T10:45:41.988704+00:00,EALR.CA,General / Verified EGX Expansion,OK,Yahoo Finance history + Mubasher delayed current trading data,Mubasher delayed stock page,ALIGNED,12:28 PM market time,DELAYED_CURRENT,8664.0,3061501.25,Current quote uses Mubasher delayed stock page data; verify live price/spread in Thndr.,Review manually
2026-09-27T10:45:41.988704+00:00,ECAP.CA,General / Verified EGX Expansion,OK,Yahoo Finance history + Mubasher delayed current trading data,Mubasher delayed stock page,ALIGNED,12:29 PM market time,DELAYED_CURRENT,60793.0,1906689.5,Current quote uses Mubasher delayed stock page data; verify live price/spread in Thndr.,Review manually
2026-09-27T10:45:41.988704+00:00,CAED.CA,General / Verified EGX Expansion,OK,Yahoo Finance history + Mubasher delayed current trading data,Mubasher delayed stock page,ALIGNED,12:29 PM market time,DELAYED_CURRENT,14664.0,1743418.88,Current quote uses Mubasher delayed stock page data; verify live price/spread in Thndr.,Review manually
2026-09-27T10:45:41.988704+00:00,ZEOT.CA,General / Verified EGX Expansion,OK,Yahoo Finance history + Mubasher delayed current trading data,Mubasher delayed stock page,ALIGNED,12:30 PM market time,DELAYED_CURRENT,131297.0,1626257.88,Current quote uses Mubasher delayed stock page data; verify live price/spread in Thndr.,Review manually
2026-09-27T10:45:41.988704+00:00,ATLC.CA,Non-bank Financial Services,OK,Yahoo Finance history + Mubasher delayed current trading data,Mubasher delayed stock page,UNALIGNED_BLOCKED,12:28 PM market time,DELAYED_CURRENT_UNALIGNED,1002728.0,6158698.5,Current quote uses Mubasher delayed stock page data; verify live price/spread in Thndr.; Mubasher current price differs materially from Yahoo history; historical indicators/support/resistance are blocked until the symbol mapping/history is verified.,Review manually
2026-09-27T10:45:41.988704+00:00,SEIG.CA,General / Verified EGX Expansion,OK,Yahoo Finance history + Mubasher delayed current trading data,Mubasher delayed stock page,ALIGNED,12:20 PM market time,DELAYED_CURRENT,5390.0,1254606.25,Current quote uses Mubasher delayed stock page data; verify live price/spread in Thndr.,Review manually
2026-09-27T10:45:41.988704+00:00,PRMH.CA,General / Verified EGX Expansion,OK,Yahoo Finance history + Mubasher delayed current trading data,Mubasher delayed stock page,ALIGNED,12:30 PM market time,DELAYED_CURRENT,487519.0,1197480.13,Current quote uses Mubasher delayed stock page data; verify live price/spread in Thndr.,Review manually
2026-09-27T10:45:41.988704+00:00,SMFR.CA,General / Verified EGX Expansion,OK,Yahoo Finance history + Mubasher delayed current trading data,Mubasher delayed stock page,ALIGNED,12:29 PM market time,DELAYED_CURRENT,4130.0,914663.0,Current quote uses Mubasher delayed stock page data; verify live price/spread in Thndr.,Review manually
2026-09-27T10:45:41.988704+00:00,MOSC.CA,General / Verified EGX Expansion,OK,Yahoo Finance history + Mubasher delayed current trading data,Mubasher delayed stock page,ALIGNED,12:07 PM market time,DELAYED_CURRENT,1943.0,567328.63,Current quote uses Mubasher delayed stock page data; verify live price/spread in Thndr.,Review manually
2026-09-27T10:45:41.988704+00:00,EDFM.CA,General / Verified EGX Expansion,OK,Yahoo Finance,Yahoo Finance,,2026-09-23T21:00:00+00:00,FRESH,1379.0,534583.15,,No action
2026-09-27T10:45:41.988704+00:00,ELWA.CA,General / Verified EGX Expansion,OK,Yahoo Finance history + Mubasher delayed current trading data,Mubasher delayed stock page,ALIGNED,11:39 AM market time,DELAYED_CURRENT,231029.0,378783.0,Current quote uses Mubasher delayed stock page data; verify live price/spread in Thndr.,Review manually
2026-09-27T10:45:41.988704+00:00,MENA.CA,Real Estate,OK,Yahoo Finance history + Mubasher delayed current trading data,Mubasher delayed stock page,ALIGNED,12:26 PM market time,DELAYED_CURRENT,52146.0,344149.81,Current quote uses Mubasher delayed stock page data; verify live price/spread in Thndr.,Review manually
2026-09-27T10:45:41.988704+00:00,TRTO.CA,General / Verified EGX Expansion,OK,Yahoo Finance,Yahoo Finance,,2026-09-23T21:00:00+00:00,FRESH,194627.0,10509.86,,No action
2026-09-27T10:45:41.988704+00:00,UEFM.CA,General / Verified EGX Expansion,OK,Yahoo Finance history + Mubasher delayed current trading data,Mubasher delayed stock page,ALIGNED,12:30 PM market time,DELAYED_CURRENT,1252.0,580049.94,Current quote uses Mubasher delayed stock page data; verify live price/spread in Thndr.,Review manually
2026-09-27T10:45:41.988704+00:00,GMCI.CA,General / Verified EGX Expansion,OK,Yahoo Finance,Yahoo Finance,,2026-09-23T21:00:00+00:00,FRESH,183127.0,311315.91,,No action
2026-09-27T10:45:41.988704+00:00,ELNA.CA,General / Verified EGX Expansion,OK,Yahoo Finance,Yahoo Finance,,2026-09-23T21:00:00+00:00,FRESH,3603.0,126897.66,,No action
2026-09-27T10:45:41.988704+00:00,EPPK.CA,General / Verified EGX Expansion,OK,Yahoo Finance history + Mubasher delayed current trading data,Mubasher delayed stock page,UNALIGNED_BLOCKED,8 September 01:25 PM market time,DELAYED_CURRENT_UNALIGNED,40737.0,419183.72,Current quote uses Mubasher delayed stock page data; verify live price/spread in Thndr.; Mubasher current price differs materially from Yahoo history; historical indicators/support/resistance are blocked until the symbol mapping/history is verified.,Review manually
2026-09-27T10:45:41.988704+00:00,EKHO.CA,Energy & Petrochemicals,FAILED,Yahoo EKHO.CA / manual_market_data.csv,,,,MISSING,0.0,0.0,No usable market data returned. Check Yahoo symbol or add a manual fallback row.,Check Yahoo symbol or add manual_market_data.csv row
2026-09-27T10:45:41.988704+00:00,ANFI.CA,General / Verified EGX Expansion,FAILED,Yahoo ANFI.CA / manual_market_data.csv,,,,MISSING,0.0,0.0,No usable market data returned. Check Yahoo symbol or add a manual fallback row.,Check Yahoo symbol or add manual_market_data.csv row
2026-09-27T10:45:41.988704+00:00,ARVA.CA,General / Verified EGX Expansion,FAILED,Yahoo ARVA.CA / manual_market_data.csv,,,,MISSING,0.0,0.0,No usable market data returned. Check Yahoo symbol or add a manual fallback row.,Check Yahoo symbol or add manual_market_data.csv row
