timestamp_utc,Ticker,MA20,MA50,MA200,RSI,MACD,MACD_Signal,Avg20_Liquidity_EGP,Liquidity_Spike,Support_20D,Resistance_20D,Support_50D,Resistance_50D,Support_Distance_%,Resistance_Distance_%,Return_5D_%,Return_20D_%,Volatility_20D_%,Breakout_20D
2026-10-04T11:18:58.230743+00:00,ALCN.CA,32.64,31.54,28.29,62.15,0.6023,0.5602,30318635.37,3.49,30.4,34.68,28.8,34.68,15.03,-0.83,1.79,2.71,3.47,False
2026-10-04T11:18:58.230743+00:00,BIOC.CA,285.26,345.14,137.14,63.85,-13.2334,-20.7796,74684331.36,4.25,225.21,380.0,116.25,563.99,58.55,6.42,36.94,4.98,6.87,True
2026-10-04T11:18:58.230743+00:00,EFIH.CA,23.28,23.5,21.29,47.31,-0.2263,-0.1666,49101962.74,1.92,20.2,24.0,20.2,25.4,18.27,0.46,1.83,-0.43,2.32,False
2026-10-04T11:18:58.230743+00:00,FWRY.CA,18.92,18.99,18.5,43.17,-0.1526,-0.1053,97080403.87,1.86,17.5,19.78,17.5,19.81,8.86,3.83,0.53,-0.79,1.23,False
2026-10-04T11:18:58.230743+00:00,GBCO.CA,30.35,30.25,28.41,54.16,0.0528,0.0638,87162708.8,2.08,27.0,32.0,27.0,33.0,19.63,-0.93,1.94,5.91,2.15,False
2026-10-04T11:18:58.230743+00:00,AMOC.CA,13.56,11.64,8.63,56.56,0.4781,0.6084,136077750.32,0.84,12.18,14.63,8.23,14.63,14.2,5.18,4.85,4.07,2.86,False
2026-10-04T11:18:58.230743+00:00,TALM.CA,20.24,19.08,16.38,59.94,0.3385,0.5245,68022578.29,0.24,17.61,25.7,15.7,25.7,20.39,21.23,2.94,14.7,5.67,False
2026-10-04T11:18:58.230743+00:00,CIRA.CA,39.0,37.13,25.23,54.97,0.7117,0.9617,35877135.81,0.48,35.56,41.74,31.61,41.74,11.59,5.19,0.56,12.26,2.88,False
2026-10-04T11:18:58.230743+00:00,ORWE.CA,27.53,26.18,22.9,51.65,0.2412,0.3644,54033737.17,1.06,26.01,29.41,22.55,29.41,5.88,6.79,3.15,3.69,2.82,False
2026-10-04T11:18:58.230743+00:00,KABO.CA,9.2,8.91,6.98,40.05,-0.0087,0.047,34185998.4,0.3,7.97,10.17,7.75,10.17,15.56,10.42,2.67,0.11,4.15,False
2026-10-04T11:18:58.230743+00:00,CCAP.CA,6.69,5.98,4.67,61.89,0.26,0.3167,823756429.92,0.6,5.97,7.32,5.14,7.32,13.74,7.81,-2.96,14.67,2.92,False
2026-10-04T11:18:58.230743+00:00,CANA.CA,44.63,42.19,39.11,63.37,1.1599,1.2274,23449346.39,1.33,41.35,52.0,36.5,52.0,11.49,12.8,-3.62,6.69,2.52,False
2026-10-04T11:18:58.230743+00:00,SAUD.CA,23.49,23.21,20.17,46.95,-0.1828,0.0268,19601359.38,0.61,21.6,26.35,21.4,26.35,10.32,10.57,-0.77,-3.02,2.69,False
2026-10-04T11:18:58.230743+00:00,NIPH.CA,323.65,329.31,177.46,49.32,-4.14,-2.8421,123025911.14,1.24,290.0,368.0,209.0,450.0,14.67,10.66,1.7,-4.33,3.72,False
2026-10-04T11:18:58.230743+00:00,EGAS.CA,57.09,57.49,48.37,44.87,-0.4585,-0.2636,11978045.13,0.5,53.62,60.94,50.0,67.7,7.98,5.25,2.58,-4.7,2.2,False
2026-10-04T11:18:58.230743+00:00,COPR.CA,0.48,0.47,0.36,54.62,-0.0021,0.002,28912060.13,1.13,0.44,0.53,0.39,0.58,15.91,3.92,1.88,1.67,2.62,False
2026-10-04T11:18:58.230743+00:00,AMIA.CA,18.47,16.46,9.07,47.31,0.4443,0.6401,20834164.93,0.55,17.12,20.15,10.2,22.4,10.28,6.73,-2.12,-7.25,2.19,False
2026-10-04T11:18:58.230743+00:00,LUTS.CA,0.9,0.91,0.67,48.2,-0.0256,-0.0209,100450990.34,0.46,0.72,1.08,0.54,1.97,31.94,13.68,8.89,6.89,5.52,False
2026-10-04T11:18:58.230743+00:00,MAAL.CA,9.61,9.23,5.94,68.98,0.4807,0.3271,21814760.41,0.97,8.18,12.25,8.18,12.25,32.4,13.11,1.12,8.85,4.3,False
2026-10-04T11:18:58.230743+00:00,NCCW.CA,7.36,6.57,5.76,38.48,0.1559,0.2705,76955415.38,0.41,6.06,8.85,5.59,8.85,22.94,18.79,-2.7,18.23,6.12,False
2026-10-04T11:18:58.230743+00:00,RUBX.CA,14.29,13.34,11.04,58.37,0.6377,0.6539,71530083.98,0.61,12.59,18.59,12.02,18.59,25.58,17.58,-13.31,20.57,7.86,False
2026-10-04T11:18:58.230743+00:00,CERA.CA,1.46,1.37,1.23,41.67,-0.0331,-0.0131,140844705.7,1.68,1.18,2.08,1.18,2.08,22.03,44.44,8.46,-6.0,6.89,False
2026-10-04T11:18:58.230743+00:00,HDBK.CA,112.05,99.64,111.26,52.26,1.6744,3.2721,38833854.2,0.35,102.03,123.9,80.8,124.0,9.4,11.0,1.33,-8.28,4.03,False
2026-10-04T11:18:58.230743+00:00,EXPA.CA,21.41,20.89,18.11,47.4,0.1487,0.2431,34024421.38,0.68,20.4,22.5,19.6,22.5,4.85,5.19,-3.31,-2.59,1.46,False
2026-10-04T11:18:58.230743+00:00,ACGC.CA,14.47,13.17,9.77,45.35,0.2201,0.3178,26281726.38,0.26,13.11,16.09,10.12,16.09,11.67,9.9,1.68,2.4,2.77,False
2026-10-04T11:18:58.230743+00:00,AFMC.CA,158.53,187.02,96.08,48.74,-9.3112,-9.3375,52681605.41,0.46,131.0,188.61,102.11,300.0,23.56,16.53,6.06,-4.5,6.19,False
2026-10-04T11:18:58.230743+00:00,AJWA.CA,179.99,184.6,145.8,54.55,-0.636,-0.9592,14023002.04,0.97,175.15,188.0,175.0,210.0,2.78,4.43,0.48,1.72,1.11,False
2026-10-04T11:18:58.230743+00:00,MPRC.CA,39.17,42.42,33.49,44.54,-1.0584,-1.1343,25884072.73,0.42,37.65,43.5,37.65,52.49,6.22,8.78,0.08,-9.26,1.9,False
2026-10-04T11:18:58.230743+00:00,LCSW.CA,33.19,34.07,28.43,44.44,-0.589,-0.544,16890116.6,0.55,28.86,36.7,28.86,37.79,15.97,9.65,6.86,-3.63,2.75,False
2026-10-04T11:18:58.230743+00:00,BINV.CA,55.74,51.66,44.15,68.72,2.1755,2.066,25139567.59,0.24,49.51,72.99,46.01,72.99,21.17,21.67,4.9,20.49,4.8,False
2026-10-04T11:18:58.230743+00:00,MPCO.CA,2.55,2.28,1.81,41.1,0.055,0.1046,194912393.05,0.53,2.17,3.02,1.83,3.02,16.13,19.84,-3.5,13.76,5.59,False
2026-10-04T11:18:58.230743+00:00,ETRS.CA,10.81,10.84,8.69,40.53,-0.1986,-0.1116,9058480.32,0.92,9.82,11.5,9.82,11.66,11.3,5.22,0.19,-7.98,1.83,False
2026-10-04T11:18:58.230743+00:00,SWDY.CA,123.81,117.21,90.3,41.84,-2.0291,0.2504,74016252.97,0.92,102.31,139.7,91.8,139.7,17.32,16.39,1.27,-7.69,4.07,False
2026-10-04T11:18:58.230743+00:00,MCRO.CA,1.64,1.56,1.34,40.35,-0.0096,0.0132,122064357.47,0.66,1.41,1.81,1.41,1.81,12.77,13.84,-1.26,2.61,3.57,False
2026-10-04T11:18:58.230743+00:00,ABUK.CA,90.47,82.25,74.34,42.28,1.4115,2.6038,125520827.26,0.32,83.55,96.29,70.6,96.29,6.19,8.53,-3.85,-5.81,2.38,False
2026-10-04T11:18:58.230743+00:00,MFPC.CA,47.28,42.34,37.81,46.2,0.8836,1.5553,124385481.19,0.3,43.0,51.3,35.37,51.3,9.28,9.17,-2.91,-1.34,2.28,False
2026-10-04T11:18:58.230743+00:00,CLHO.CA,16.03,16.88,14.61,40.0,-0.4723,-0.4311,51410179.38,0.48,13.9,17.9,13.9,19.72,15.54,11.46,1.29,-11.3,1.56,False
2026-10-04T11:18:58.230743+00:00,MTIE.CA,8.31,8.75,8.37,43.62,-0.2121,-0.2042,19202999.81,1.42,7.5,8.85,7.5,10.4,8.67,8.59,0.98,-5.49,1.75,False
2026-10-04T11:18:58.230743+00:00,ACAMD.CA,2.05,2.13,1.98,44.0,-0.0364,-0.039,50153115.92,0.68,1.87,2.25,1.87,2.38,9.09,10.29,4.64,-3.33,2.74,False
2026-10-04T11:18:58.230743+00:00,SDTI.CA,77.59,71.07,46.25,79.77,4.271,3.7942,33975881.72,0.41,70.0,94.9,50.3,94.9,19.97,13.0,5.43,19.45,2.55,False
2026-10-04T11:18:58.230743+00:00,SNFC.CA,11.18,11.01,10.91,72.09,0.1523,0.1164,13400884.71,0.36,10.58,11.71,10.26,11.71,8.7,1.83,0.09,8.76,1.23,True
2026-10-04T11:18:58.230743+00:00,ADIB.CA,51.73,52.65,44.01,39.56,-0.6814,-0.3458,76539754.92,0.92,48.2,54.3,48.2,55.65,3.65,8.69,-2.31,-5.55,1.69,False
2026-10-04T11:18:58.230743+00:00,ARAB.CA,0.24,0.25,0.22,42.5,-0.006,-0.0041,70778881.4,1.01,0.2,0.27,0.2,0.27,25.0,8.0,7.17,-6.27,2.5,False
2026-10-04T11:18:58.230743+00:00,EGAL.CA,361.47,341.63,294.68,27.34,-1.5017,3.5427,46519629.32,2.64,331.5,380.0,292.0,395.0,4.38,9.82,-4.19,-8.56,1.43,False
2026-10-04T11:18:58.230743+00:00,PHAR.CA,117.99,123.79,91.46,38.12,-3.7586,-3.2083,82036054.97,0.81,102.0,132.85,90.01,178.99,15.05,13.21,4.8,-10.72,2.41,False
2026-10-04T11:18:58.230743+00:00,RACC.CA,9.64,9.88,9.3,42.32,-0.2247,-0.1671,11637114.69,1.24,8.51,10.55,8.51,10.88,10.46,12.23,-1.17,-5.09,2.47,False
2026-10-04T11:18:58.230743+00:00,NHPS.CA,77.38,83.72,70.45,37.93,-3.8128,-3.1418,14638170.36,1.19,66.0,88.44,66.0,98.95,13.65,17.9,-7.33,-16.99,3.97,False
2026-10-04T11:18:58.230743+00:00,CPCI.CA,552.78,531.07,363.24,87.11,14.4906,12.2286,3669840.87,1.46,530.0,600.0,440.01,644.0,14.41,-1.05,6.11,9.48,1.37,True
2026-10-04T11:18:58.230743+00:00,MASR.CA,7.84,7.82,6.36,36.82,-0.141,-0.102,92339720.68,0.39,6.82,8.95,6.82,8.95,13.64,15.48,2.68,-4.14,3.13,False
2026-10-04T11:18:58.230743+00:00,OFH.CA,1.03,0.94,0.68,36.07,-0.0116,0.0139,133466533.35,0.24,0.83,1.18,0.69,1.18,12.05,26.88,-9.8,-10.68,5.12,False
2026-10-04T11:18:58.230743+00:00,UEGC.CA,1.66,2.05,1.59,35.94,-0.1351,-0.1311,35289547.25,0.98,1.37,1.86,1.37,2.87,17.52,15.53,0.0,-7.69,3.32,False
2026-10-04T11:18:58.230743+00:00,UNIP.CA,0.37,0.38,0.32,38.21,-0.0107,-0.0069,20064575.42,0.61,0.32,0.41,0.32,0.44,12.5,13.89,-4.37,-6.67,3.25,False
2026-10-04T11:18:58.230743+00:00,ELKA.CA,1.68,1.75,1.53,35.56,-0.068,-0.0478,15547425.59,0.64,1.43,1.93,1.43,2.11,14.69,17.68,0.63,-14.97,2.49,False
2026-10-04T11:18:58.230743+00:00,EGCH.CA,13.9,13.87,12.8,41.92,-0.0821,-0.0117,109506219.83,0.37,12.88,14.66,12.69,14.83,6.13,7.24,-4.08,-6.07,1.44,False
2026-10-04T11:18:58.230743+00:00,IRON.CA,27.81,29.88,32.11,40.72,-1.0927,-0.9828,12979493.79,0.69,25.01,30.76,25.01,34.99,11.44,10.37,-5.65,-11.5,2.39,False
2026-10-04T11:18:58.230743+00:00,OLFI.CA,22.52,23.3,22.16,35.39,-0.385,-0.3097,15271444.19,1.52,21.2,23.77,21.2,26.52,1.51,10.46,-3.66,-2.7,1.79,False
2026-10-04T11:18:58.230743+00:00,BTFH.CA,2.9,3.0,3.07,43.24,-0.0683,-0.056,91977417.86,0.79,2.65,3.07,2.65,3.26,7.55,7.72,0.35,-6.6,1.81,False
2026-10-04T11:18:58.230743+00:00,EGTS.CA,17.29,17.54,13.27,44.79,-0.1052,-0.0199,35372073.35,1.14,15.65,19.34,15.65,20.75,4.86,17.85,-9.17,-3.29,3.53,False
2026-10-04T11:18:58.230743+00:00,ELEC.CA,1.97,2.07,2.24,36.0,-0.0698,-0.0566,69147326.23,0.33,1.72,2.14,1.72,2.25,11.63,11.46,-2.59,-10.9,2.11,False
2026-10-04T11:18:58.230743+00:00,HELI.CA,7.91,7.95,5.87,42.51,-0.1254,-0.0287,136206295.35,0.24,6.94,8.77,6.94,8.77,7.78,17.25,-4.6,-8.58,2.13,False
2026-10-04T11:18:58.230743+00:00,AMER.CA,5.12,5.51,3.1,37.14,-0.2793,-0.1718,40258494.43,0.68,4.05,5.97,4.05,8.47,13.83,29.5,-10.67,-18.26,4.03,False
2026-10-04T11:18:58.230743+00:00,CAED.CA,125.58,131.96,83.14,45.12,-5.3801,-3.9641,20031411.53,0.46,103.1,152.0,103.1,185.7,20.0,22.86,4.62,-12.89,4.52,False
2026-10-04T11:18:58.230743+00:00,EEII.CA,2.24,2.53,2.3,40.0,-0.113,-0.1114,10884162.51,1.08,2.02,2.47,2.02,3.43,7.92,13.3,-9.01,-9.79,3.18,False
2026-10-04T11:18:58.230743+00:00,CEFM.CA,142.27,140.47,109.27,40.94,-1.6876,-0.2318,7732356.88,0.52,113.0,167.0,113.0,168.0,26.1,17.2,0.25,-3.98,2.79,False
2026-10-04T11:18:58.230743+00:00,RAYA.CA,6.94,7.16,6.1,38.07,-0.2358,-0.1682,46951600.27,0.57,5.72,7.73,5.72,7.79,19.58,13.01,-3.9,-11.33,2.75,False
2026-10-04T11:18:58.230743+00:00,ICID.CA,18.09,14.87,7.41,49.24,0.7255,0.9113,7692911.78,0.51,16.52,19.3,7.85,19.3,12.11,4.21,4.91,0.11,3.29,False
2026-10-04T11:18:58.230743+00:00,EGBE.CA,0.51,0.52,-0.06,55.77,0.0087,0.0119,99880.86,2.14,0.49,0.53,0.47,0.57,8.16,0.0,1.36,-0.76,1.59,False
2026-10-04T11:18:58.230743+00:00,MICH.CA,48.08,47.71,37.04,36.48,-0.8859,-0.3078,11079068.93,0.51,42.01,52.4,39.01,53.9,13.59,9.81,-5.06,-9.48,2.45,False
2026-10-04T11:18:58.230743+00:00,DTPP.CA,318.14,294.58,163.43,28.93,0.3748,8.4164,87507884.16,0.27,250.01,380.0,225.11,380.0,18.04,28.76,-10.37,-3.89,5.95,False
2026-10-04T11:18:58.230743+00:00,SIPC.CA,5.57,5.05,3.84,32.26,-0.0523,0.0713,69041564.29,0.27,4.22,7.28,3.76,7.28,23.7,39.46,-0.77,-2.29,7.17,False
2026-10-04T11:18:58.230743+00:00,MHOT.CA,17.94,17.89,23.58,42.93,-0.2164,-0.1273,18087086.76,0.79,16.2,21.4,16.2,21.4,9.26,20.9,-7.94,-4.97,2.72,False
2026-10-04T11:18:58.230743+00:00,ATQA.CA,12.5,11.51,9.93,31.34,0.0015,0.2726,87035278.36,0.54,10.91,13.7,9.66,13.7,8.07,16.2,-9.6,-6.33,2.6,False
2026-10-04T11:18:58.230743+00:00,MOIN.CA,36.94,34.24,26.73,44.26,-0.0782,0.3952,25547698.81,0.18,32.0,45.99,23.11,45.99,9.31,31.48,2.52,-6.36,4.58,False
2026-10-04T11:18:58.230743+00:00,CICH.CA,12.1,11.99,10.81,39.44,-0.0997,-0.0024,5936182.06,0.35,10.75,13.38,10.75,13.38,12.93,10.21,-1.93,-0.37,2.21,False
2026-10-04T11:18:58.230743+00:00,OIH.CA,2.07,1.89,1.47,23.64,-0.0065,0.0469,110425793.4,0.28,1.7,2.19,1.43,2.19,10.0,17.11,-11.37,-8.33,2.98,False
2026-10-04T11:18:58.230743+00:00,KZPC.CA,13.76,12.07,10.48,36.47,0.181,0.4514,27637632.62,0.16,12.15,14.89,8.42,16.74,7.08,14.45,-6.47,0.7,2.68,False
2026-10-04T11:18:58.230743+00:00,SUGR.CA,58.63,54.3,49.43,23.29,-0.7156,0.5465,22372291.4,0.47,50.5,64.44,46.47,64.44,9.03,17.04,-7.29,-11.85,2.61,False
2026-10-04T11:18:58.230743+00:00,MBSC.CA,356.64,356.64,356.64,50.0,0.0,0.0,39159053.7,4.07,306.98,356.64,306.98,356.64,16.18,0.0,0.0,0.0,0.0,False
2026-10-04T11:18:58.230743+00:00,ARCC.CA,73.96,73.96,73.96,50.0,0.0,0.0,21355545.97,5.64,67.7,74.25,67.7,74.25,9.25,0.39,0.0,0.0,0.0,False
2026-10-04T11:18:58.230743+00:00,MCQE.CA,217.65,217.65,217.65,50.0,0.0,0.0,21163497.34,6.19,195.02,224.98,195.02,224.98,11.6,3.37,0.0,0.0,0.0,False
2026-10-04T11:18:58.230743+00:00,ATLC.CA,6.76,6.04,4.86,37.67,-0.1017,0.1004,16899536.07,0.23,5.2,8.1,5.0,8.1,20.58,29.19,-5.11,-12.68,4.88,False
2026-10-04T11:18:58.230743+00:00,CSAG.CA,38.33,38.34,33.01,36.15,-0.9075,-0.5393,9487951.4,0.56,34.52,42.89,31.35,44.45,9.21,13.77,-2.74,-13.1,2.27,False
2026-10-04T11:18:58.230743+00:00,SPMD.CA,0.44,0.45,0.4,44.5,-0.0227,-0.0142,76543534.0,0.11,0.36,0.62,0.36,0.62,8.33,58.97,-4.7,-13.48,8.01,False
2026-10-04T11:18:58.230743+00:00,EMFD.CA,13.84,12.77,10.84,31.41,-0.0547,0.1524,97383765.03,0.33,11.7,15.3,11.08,15.3,9.49,19.44,-4.48,-10.99,3.41,False
2026-10-04T11:18:58.230743+00:00,MOIL.CA,0.69,0.68,0.51,78.57,0.0125,0.0122,251400.02,0.91,0.67,0.72,0.58,0.72,4.48,2.86,0.28,4.74,0.93,False
2026-10-04T11:18:58.230743+00:00,ODIN.CA,2.72,2.93,2.21,39.22,-0.1273,-0.098,10992843.67,0.6,2.35,3.06,2.35,3.92,10.64,17.69,-4.53,-12.46,2.89,False
2026-10-04T11:18:58.230743+00:00,FAIT.CA,46.27,42.7,35.7,40.51,0.32,0.8875,5084921.42,0.43,38.48,48.35,36.1,48.35,19.26,5.36,-2.16,3.28,2.41,False
2026-10-04T11:18:58.230743+00:00,ROTO.CA,40.95,44.01,36.19,41.37,-1.4412,-1.3333,7887219.31,0.82,35.02,44.99,35.02,52.77,13.16,13.53,1.26,-7.29,2.65,False
2026-10-04T11:18:58.230743+00:00,ASCM.CA,60.32,62.61,50.97,35.05,-1.6012,-1.2956,15772400.61,0.4,53.8,66.8,53.8,69.95,10.15,12.72,0.9,-7.11,1.93,False
2026-10-04T11:18:58.230743+00:00,SCEM.CA,89.78,89.78,89.78,50.0,0.0,0.0,63353819.8,2.94,81.67,89.89,81.67,89.89,9.93,0.12,0.0,0.0,0.0,False
2026-10-04T11:18:58.230743+00:00,CIEB.CA,24.79,24.67,22.9,36.7,-0.3102,-0.1365,12197346.82,0.4,23.0,26.27,23.0,26.27,5.96,7.8,-0.5,-6.04,1.58,False
2026-10-04T11:18:58.230743+00:00,ISMQ.CA,8.71,9.04,7.97,30.08,-0.3283,-0.2288,20570527.04,1.58,7.6,9.48,7.6,9.97,10.92,12.46,-5.83,-13.68,2.08,False
2026-10-04T11:18:58.230743+00:00,NINH.CA,21.05,22.22,16.33,27.11,-0.9245,-0.6959,14640016.14,1.44,18.53,24.38,18.53,26.46,7.39,22.51,-3.99,-18.57,2.24,False
2026-10-04T11:18:58.230743+00:00,MPCI.CA,392.83,374.94,229.1,23.8,-11.4448,-0.9777,108468703.49,1.38,305.45,455.97,278.02,490.86,18.07,26.43,-8.81,-18.51,2.52,False
2026-10-04T11:18:58.230743+00:00,ISPH.CA,12.31,12.69,11.62,27.35,-0.3316,-0.26,72583955.87,0.82,11.22,13.69,11.22,16.93,6.42,14.66,0.26,-11.03,1.63,False
2026-10-04T11:18:58.230743+00:00,RMDA.CA,5.94,5.98,4.71,23.33,-0.1764,-0.0841,53911314.85,0.39,4.83,6.55,4.83,7.39,14.7,18.23,-5.55,-9.17,2.24,False
2026-10-04T11:18:58.230743+00:00,KWIN.CA,87.64,93.65,74.42,35.38,-4.3725,-2.987,15113619.84,0.38,72.21,106.99,72.21,137.9,12.59,31.6,-9.98,-24.8,3.07,False
2026-10-04T11:18:58.230743+00:00,PRCL.CA,30.63,32.88,23.49,32.6,-1.9133,-1.2229,15617562.81,0.53,22.8,34.5,22.8,38.0,16.58,29.8,-13.83,-16.8,4.83,False
2026-10-04T11:18:58.230743+00:00,ELSH.CA,12.67,13.37,10.01,31.25,-0.5352,-0.3992,26255392.4,1.32,10.8,14.15,10.8,15.59,12.41,16.56,-3.34,-12.08,2.45,False
2026-10-04T11:18:58.230743+00:00,UEFM.CA,502.87,528.67,491.48,45.7,-13.8569,-14.2906,4117198.31,0.4,407.57,574.0,407.57,594.0,25.49,12.23,11.15,-4.75,5.51,False
2026-10-04T11:18:58.230743+00:00,HRHO.CA,25.78,25.78,25.78,50.0,0.0,0.0,76281318.66,5.06,24.21,26.02,24.21,26.02,6.48,0.93,0.0,0.0,0.0,False
2026-10-04T11:18:58.230743+00:00,COMI.CA,132.9,136.81,128.14,24.36,-2.8444,-2.3117,560102695.54,0.26,124.5,142.8,124.5,142.88,2.42,11.99,-0.4,-9.44,1.01,False
2026-10-04T11:18:58.230743+00:00,MIPH.CA,819.51,794.32,589.08,51.24,2.5751,10.4504,9384405.19,0.17,739.69,1000.0,700.2,1000.0,10.75,22.07,0.32,2.34,3.51,False
2026-10-04T11:18:58.230743+00:00,IDRE.CA,52.77,52.65,42.37,43.37,-1.3508,-0.4949,15270014.78,0.34,45.0,59.7,45.0,59.7,12.71,17.71,-3.61,-8.75,4.21,False
2026-10-04T11:18:58.230743+00:00,ASPI.CA,0.42,0.45,0.34,31.73,-0.0263,-0.0171,49857275.56,0.21,0.33,0.49,0.33,0.58,15.15,28.95,-5.63,-14.19,4.23,False
2026-10-04T11:18:58.230743+00:00,CCRS.CA,2.53,2.56,2.03,49.49,-0.0579,-0.0288,16561628.77,0.3,2.21,2.89,2.21,3.15,9.5,19.42,-3.95,-6.54,3.48,False
2026-10-04T11:18:58.230743+00:00,COSG.CA,1.77,1.77,1.55,27.12,-0.0672,-0.0343,20930208.62,0.59,1.46,2.0,1.46,2.0,13.01,21.21,-3.01,-17.01,2.43,False
2026-10-04T11:18:58.230743+00:00,DAPH.CA,114.25,114.66,90.13,16.11,-6.5227,-3.1858,25792660.36,0.88,89.1,140.0,89.1,157.0,7.52,46.14,-8.63,-26.91,2.67,False
2026-10-04T11:18:58.230743+00:00,ENGC.CA,41.39,44.01,36.76,30.88,-2.1407,-1.4107,17258388.32,0.81,33.33,46.0,33.33,54.79,13.02,22.11,-9.63,-18.7,3.15,False
2026-10-04T11:18:58.230743+00:00,EOSB.CA,1.57,1.56,1.35,50.0,0.0042,0.0058,54553.66,0.01,1.53,1.64,1.5,1.64,2.61,4.46,0.0,0.0,0.0,True
2026-10-04T11:18:58.230743+00:00,GIHD.CA,71.87,66.88,47.58,28.8,-0.183,1.5436,27726671.83,0.56,60.9,79.9,56.51,79.9,8.37,21.06,-16.97,-11.46,3.46,False
2026-10-04T11:18:58.230743+00:00,GTWL.CA,220.9,182.85,84.92,26.96,-6.0608,6.61,158286043.27,0.89,124.5,248.84,85.0,248.84,41.53,41.23,-23.79,-27.34,6.84,False
2026-10-04T11:18:58.230743+00:00,MILS.CA,193.38,198.05,140.6,34.44,-5.5344,-3.1664,18381138.02,0.67,165.5,232.8,165.5,248.4,11.83,25.78,-0.59,-8.27,2.87,False
2026-10-04T11:18:58.230743+00:00,OBRI.CA,29.44,29.44,29.44,50.0,0.0,0.0,9735163.07,5.74,25.8,30.77,25.8,30.77,14.11,4.52,0.0,0.0,0.0,False
2026-10-04T11:18:58.230743+00:00,AFDI.CA,53.0,56.39,41.81,48.59,-1.4211,-1.2496,7860263.7,0.61,47.7,56.82,47.7,69.89,9.12,9.16,-0.06,-7.13,2.16,False
2026-10-04T11:18:58.230743+00:00,WCDF.CA,692.61,648.53,548.9,37.38,-2.4402,10.5907,5390424.26,0.32,575.5,796.0,555.55,796.0,14.21,21.1,-5.01,-3.27,2.75,False
2026-10-04T11:18:58.230743+00:00,PHDC.CA,13.73,14.5,11.94,32.17,-0.4609,-0.4284,118652307.34,1.02,12.36,15.1,12.36,16.2,5.26,16.06,-1.63,-10.51,1.52,False
2026-10-04T11:18:58.230743+00:00,OCDI.CA,29.85,30.84,23.11,24.59,-1.4438,-0.9444,52025395.34,0.57,24.2,34.5,24.2,36.97,13.14,26.0,-3.86,-20.24,2.63,False
2026-10-04T11:18:58.230743+00:00,ORHD.CA,41.36,41.48,32.77,30.89,-0.8415,-0.3582,162396656.11,0.72,37.41,44.0,37.41,44.0,5.29,11.7,-4.35,-9.11,2.0,False
2026-10-04T11:18:58.230743+00:00,ZMID.CA,8.74,8.23,6.33,17.08,-0.2422,-0.0286,138584556.01,0.29,7.07,9.95,7.06,9.95,8.91,29.22,-4.23,-18.95,2.66,False
2026-10-04T11:18:58.230743+00:00,PRDC.CA,7.78,8.65,6.09,33.33,-0.4368,-0.4126,29525351.11,0.4,6.81,8.94,6.81,10.25,9.99,19.36,1.8,-17.12,1.96,False
2026-10-04T11:18:58.230743+00:00,ZEOT.CA,12.99,13.14,9.99,39.84,-0.4323,-0.268,5571235.89,0.74,10.6,14.68,10.6,14.99,22.08,13.45,1.95,-12.11,3.25,False
2026-10-04T11:18:58.230743+00:00,DSCW.CA,1.81,1.92,1.83,27.03,-0.0654,-0.0534,21719181.19,1.06,1.58,1.98,1.58,2.21,8.86,15.12,-1.73,-12.82,1.5,False
2026-10-04T11:18:58.230743+00:00,AREH.CA,1.39,1.45,1.35,33.33,-0.0619,-0.0444,12944153.35,0.79,1.14,1.54,1.14,1.68,16.67,15.79,-5.11,-11.56,3.09,False
2026-10-04T11:18:58.230743+00:00,GDWA.CA,0.75,0.79,0.82,17.88,-0.0384,-0.0271,33314143.09,0.44,0.61,0.84,0.61,0.9,11.48,23.53,-6.16,-19.28,1.98,False
2026-10-04T11:18:58.230743+00:00,GRCA.CA,44.31,55.4,48.62,27.89,-6.6249,-6.1205,28966937.92,0.37,32.11,63.29,32.11,86.5,20.68,63.33,-5.66,-39.09,5.41,False
2026-10-04T11:18:58.230743+00:00,MOED.CA,0.75,0.74,0.8,28.19,-0.0329,-0.0178,43380799.29,0.31,0.59,0.87,0.59,0.88,18.64,24.29,-2.72,-18.39,2.83,False
2026-10-04T11:18:58.230743+00:00,EFID.CA,25.32,28.58,27.94,13.33,-3.2746,-2.5778,64954735.66,1.25,18.1,32.3,18.1,34.89,6.57,67.44,-1.92,-36.48,7.55,False
2026-10-04T11:18:58.230743+00:00,SKPC.CA,17.7,17.21,17.0,27.56,-0.3916,-0.086,103876032.06,0.52,15.4,19.36,15.4,19.36,5.78,18.85,-5.54,-13.97,1.85,False
2026-10-04T11:18:58.230743+00:00,EFIC.CA,189.19,198.31,206.82,21.31,-10.3825,-7.6927,359167629.17,0.06,147.0,239.0,147.0,260.0,16.86,39.12,-1.95,-11.54,4.11,False
2026-10-04T11:18:58.230743+00:00,POUL.CA,32.99,36.25,33.25,4.78,-6.4273,-2.9437,32825509.67,1.13,9.12,41.96,9.12,41.96,10.75,315.45,-73.09,-74.47,16.76,False
2026-10-04T11:18:58.230743+00:00,INFI.CA,132.5,137.24,111.34,30.58,-6.0201,-4.305,14120304.3,0.61,104.0,152.99,104.0,178.99,21.73,20.85,-3.24,-15.82,3.06,False
2026-10-04T11:18:58.230743+00:00,JUFO.CA,26.55,26.53,27.38,26.91,-0.5707,-0.3369,18702448.62,1.02,24.4,27.98,22.78,29.7,5.33,8.87,-3.46,-8.47,1.25,False
2026-10-04T11:18:58.230743+00:00,EAST.CA,32.46,34.68,36.78,15.77,-1.6776,-1.3557,47830358.84,0.7,27.91,36.48,27.91,37.58,5.27,24.17,-6.98,-18.21,1.72,False
2026-10-04T11:18:58.230743+00:00,TMGH.CA,94.2,96.45,90.03,13.53,-2.6559,-1.7856,271891305.2,0.89,84.4,100.9,84.4,101.3,5.79,13.0,-4.47,-10.33,1.19,False
2026-10-04T11:18:58.230743+00:00,DEIN.CA,10.35,10.35,11.02,50.0,-0.0044,-0.0066,3373.41,0.01,10.35,12.42,10.35,12.42,0.0,20.0,0.0,0.0,0.0,True
2026-10-04T11:18:58.230743+00:00,MEPA.CA,1.9,1.88,1.71,26.76,-0.0653,-0.0287,36478356.32,0.22,1.56,2.25,1.56,2.25,12.82,27.84,-3.91,-8.51,4.86,False
2026-10-04T11:18:58.230743+00:00,EDFM.CA,403.98,402.27,340.37,38.52,-4.2644,-2.0791,1647975.52,1.27,354.0,465.0,352.0,465.0,13.63,15.6,3.44,-5.72,1.99,False
2026-10-04T11:18:58.230743+00:00,ADCI.CA,281.26,285.79,216.49,40.53,-4.4085,-2.4403,2530805.94,1.0,256.0,298.99,245.0,389.99,7.05,9.1,-3.09,-8.0,1.82,False
2026-10-04T11:18:58.230743+00:00,CNFN.CA,4.49,4.72,4.59,26.4,-0.2012,-0.1474,9742346.15,0.82,3.84,4.95,3.84,5.01,10.16,17.02,-4.18,-13.78,2.07,False
2026-10-04T11:18:58.230743+00:00,ISMA.CA,29.31,32.05,22.02,32.26,-2.2584,-1.6022,14369532.99,0.5,22.7,34.37,22.7,40.49,16.17,30.34,-9.29,-23.93,4.24,False
2026-10-04T11:18:58.230743+00:00,SPIN.CA,17.57,17.54,14.6,29.87,-0.4957,-0.2965,7341143.28,0.59,15.11,20.0,14.91,21.88,12.51,17.65,-2.08,-13.91,2.31,False
2026-10-04T11:18:58.230743+00:00,SVCE.CA,10.85,10.85,10.85,50.0,0.0,0.0,123610517.83,1.91,10.41,11.19,10.41,11.19,4.23,3.13,0.0,0.0,0.0,False
2026-10-04T11:18:58.230743+00:00,FAITA.CA,0.99,0.99,0.98,43.75,-0.0017,-0.0009,32529.63,1.14,0.98,1.0,0.96,1.02,1.02,1.01,-0.41,-0.81,0.19,False
2026-10-04T11:18:58.230743+00:00,AALR.CA,291.71,295.53,213.31,25.94,-12.2953,-5.436,23211644.43,0.28,230.11,359.9,230.11,375.0,13.12,38.27,-10.12,-15.06,3.2,False
2026-10-04T11:18:58.230743+00:00,EHDR.CA,2.72,2.83,2.41,23.94,-0.1128,-0.0817,15578668.91,0.42,2.35,3.05,2.35,3.2,8.94,19.14,-1.95,-12.85,2.18,False
2026-10-04T11:18:58.230743+00:00,AXPH.CA,1640.06,1500.47,1073.21,32.21,-2.871,32.7308,6817878.44,0.5,1334.35,1987.0,1121.56,1987.0,14.95,29.54,-9.02,-10.87,2.31,False
2026-10-04T11:18:58.230743+00:00,ETEL.CA,149.78,149.78,149.78,50.0,0.0,0.0,302063720.45,1.37,139.1,154.9,139.1,154.9,7.68,3.42,0.0,0.0,0.0,False
2026-10-04T11:18:58.230743+00:00,MFSC.CA,46.71,46.72,38.39,47.58,-0.3329,-0.1771,3136444.15,0.33,42.5,51.23,42.5,61.1,9.44,10.15,-0.8,-5.08,2.02,False
2026-10-04T11:18:58.230743+00:00,GGCC.CA,0.73,0.73,0.73,50.0,0.0,0.0,15467796.92,1.48,0.7,0.75,0.7,0.75,4.29,2.74,0.0,0.0,0.0,False
2026-10-04T11:18:58.230743+00:00,PHTV.CA,348.69,349.79,236.94,42.2,-3.1184,-0.4685,1579277.66,0.52,315.1,378.89,310.0,447.99,6.79,12.6,-3.29,-6.31,2.24,False
2026-10-04T11:18:58.230743+00:00,UNIT.CA,18.43,18.61,13.38,46.37,-0.4318,-0.2212,15136891.89,0.1,16.41,23.95,16.41,23.95,7.43,35.85,-1.46,-5.09,5.4,False
2026-10-04T11:18:58.230743+00:00,ORAS.CA,825.53,825.53,825.53,50.0,0.0,0.0,136477536.0,1.0,822.0,845.0,822.0,845.0,0.43,2.36,0.0,0.0,0.0,False
2026-10-04T11:18:58.230743+00:00,FERC.CA,78.01,78.2,78.32,41.65,-1.044,-0.5708,8529094.03,0.22,70.42,82.89,70.42,87.3,9.34,7.65,-0.29,-5.82,2.02,False
2026-10-04T11:18:58.230743+00:00,GSSC.CA,293.4,286.5,254.25,41.04,-4.7334,0.2972,5448793.69,0.11,246.0,333.9,246.0,333.9,13.61,19.47,-6.5,-10.23,3.39,False
2026-10-04T11:18:58.230743+00:00,ADPC.CA,3.82,3.97,3.74,34.74,-0.1147,-0.0788,17390596.45,0.38,3.4,4.13,3.4,4.61,7.06,13.46,-3.73,-9.07,2.38,False
2026-10-04T11:18:58.230743+00:00,ECAP.CA,31.92,33.88,30.58,31.59,-1.0106,-0.9174,4770880.87,1.07,29.13,34.94,29.13,43.5,5.25,13.96,-1.09,-8.06,1.6,False
2026-10-04T11:18:58.230743+00:00,NEDA.CA,2.72,2.74,2.58,35.71,-0.0357,-0.0215,956094.91,0.2,2.48,2.89,2.48,2.97,5.24,10.73,-3.33,-4.74,1.88,False
2026-10-04T11:18:58.230743+00:00,NAHO.CA,0.13,0.13,0.11,40.0,-0.0001,0.001,43835.36,0.16,0.12,0.14,0.1,0.16,8.33,7.69,0.0,-5.07,2.39,False
2026-10-04T11:18:58.230743+00:00,AMES.CA,50.02,50.02,50.02,50.0,0.0,0.0,241853088.23,0.75,46.0,51.69,46.0,51.69,8.74,3.34,0.0,0.0,0.0,False
2026-10-04T11:18:58.230743+00:00,ALUM.CA,25.66,26.24,22.65,29.87,-1.1023,-0.731,5835676.69,0.82,21.65,29.0,21.65,30.98,13.44,18.08,-1.12,-15.73,2.74,False
2026-10-04T11:18:58.230743+00:00,APSW.CA,8.38,8.6,8.63,40.0,-0.1519,-0.1235,647263.69,0.89,7.81,8.73,7.81,9.39,3.71,7.78,0.49,-3.18,1.55,False
2026-10-04T11:18:58.230743+00:00,SCTS.CA,589.06,605.04,468.95,23.45,-18.8479,-12.2994,1978877.77,0.3,520.3,639.0,520.3,685.0,7.03,14.74,-4.86,-11.49,1.86,False
2026-10-04T11:18:58.230743+00:00,IFAP.CA,20.37,20.59,19.59,34.32,-0.3707,-0.2226,15106751.07,0.23,17.17,23.2,17.17,23.2,15.03,17.47,-3.64,-9.04,1.72,False
2026-10-04T11:18:58.230743+00:00,DOMT.CA,26.54,27.59,25.86,32.67,-0.8959,-0.6974,4732831.31,1.13,23.81,29.09,23.81,32.0,7.98,13.15,-1.56,-11.44,2.2,False
2026-10-04T11:18:58.230743+00:00,PRMH.CA,2.56,2.61,2.23,29.17,-0.1009,-0.0531,4574735.21,0.9,2.03,2.87,2.03,2.93,13.79,24.24,-9.68,-20.0,2.79,False
2026-10-04T11:18:58.230743+00:00,WKOL.CA,330.11,331.82,299.75,25.4,-12.0151,-4.9818,13311310.39,0.36,266.18,379.98,266.18,390.0,11.6,27.92,-10.2,-14.2,2.59,False
2026-10-04T11:18:58.230743+00:00,RTVC.CA,3.83,3.91,3.8,24.21,-0.1308,-0.0809,2513993.74,1.42,3.37,4.15,3.37,4.36,7.72,14.33,-5.63,-12.87,1.66,False
2026-10-04T11:18:58.230743+00:00,RREI.CA,4.19,4.37,3.42,32.61,-0.1344,-0.0854,12118208.66,0.26,3.53,4.56,3.53,5.09,10.48,16.92,-2.49,-10.3,2.81,False
2026-10-04T11:18:58.230743+00:00,OCPH.CA,236.46,256.79,268.1,33.98,-14.0413,-13.3787,4799800.43,0.86,190.0,263.0,190.0,483.99,23.64,11.95,-0.76,-10.47,2.64,False
2026-10-04T11:18:58.230743+00:00,EPCO.CA,10.74,11.12,9.18,33.15,-0.3636,-0.221,14416989.2,0.21,9.25,12.59,9.25,13.05,10.16,23.55,-4.4,-9.83,3.09,False
2026-10-04T11:18:58.230743+00:00,MOSC.CA,300.05,306.87,236.47,34.93,-10.8971,-6.8255,3663414.08,0.82,257.0,329.0,257.0,380.0,11.82,14.48,-2.55,-12.56,3.26,False
2026-10-04T11:18:58.230743+00:00,EASB.CA,7.93,7.93,7.93,50.0,0.0,0.0,14514014.5,0.53,7.25,8.0,7.25,8.0,9.38,0.88,0.0,0.0,0.0,False
2026-10-04T11:18:58.230743+00:00,SMFR.CA,235.41,246.79,205.35,29.66,-9.5875,-7.2019,6453015.06,0.37,205.01,274.0,205.01,309.0,12.18,19.14,-0.07,-12.52,2.59,False
2026-10-04T11:18:58.230743+00:00,RAKT.CA,22.19,22.41,23.06,27.32,-0.2517,-0.1451,178835.71,2.09,20.26,23.0,20.26,24.0,7.06,6.04,-3.44,-3.96,1.33,False
2026-10-04T11:18:58.230743+00:00,EALR.CA,363.66,379.92,356.93,29.44,-14.6257,-9.8364,11706391.68,0.19,312.0,411.99,312.0,471.18,10.0,20.04,-2.17,-11.84,2.57,False
2026-10-04T11:18:58.230743+00:00,ELNA.CA,35.73,36.77,38.43,0.0,-0.489,-0.5117,314642.44,0.45,33.46,38.99,33.46,39.49,5.26,10.7,0.0,-4.29,1.01,False
2026-10-04T11:18:58.230743+00:00,ELWA.CA,1.69,1.75,1.63,5.41,-0.0783,-0.0531,966967.4,1.28,1.43,1.9,1.43,1.99,2.1,30.14,-9.88,-18.44,2.04,False
2026-10-04T11:18:58.230743+00:00,MENA.CA,6.59,6.84,5.84,32.23,-0.1686,-0.1278,1168477.4,1.08,5.8,6.99,5.8,7.78,9.66,9.91,-2.95,-10.44,1.37,False
2026-10-04T11:18:58.230743+00:00,EGSA.CA,8.98,8.86,7.79,9.52,0.0049,0.0315,6337.36,0.01,8.82,9.1,8.65,9.1,0.34,2.82,-1.67,-2.21,0.42,False
2026-10-04T11:18:58.230743+00:00,SCFM.CA,266.0,276.1,252.68,34.6,-8.8243,-5.9166,5945032.31,0.18,223.11,315.0,223.11,319.0,12.64,25.34,-3.89,-10.23,2.63,False
2026-10-04T11:18:58.230743+00:00,TRTO.CA,0.06,0.05,0.04,0.0,-0.0005,0.0016,17193.41,0.28,0.05,0.08,0.03,0.08,1.89,53.7,0.0,-33.33,4.6,False
2026-10-04T11:18:58.230743+00:00,GMCI.CA,1.74,1.86,1.81,20.83,-0.0864,-0.0668,466872.18,0.68,1.49,1.94,1.49,2.1,8.72,19.75,-7.65,-15.59,2.16,False
2026-10-04T11:18:58.230743+00:00,CFGH.CA,0.12,0.11,0.11,10.0,-0.0009,0.0004,9253.58,0.0,0.11,0.12,0.1,0.12,0.0,13.64,-4.35,-10.57,1.38,False
2026-10-04T11:18:58.230743+00:00,EBSC.CA,1.84,1.84,1.84,50.0,0.0,0.0,4707685.5,0.64,1.77,1.95,1.77,1.95,3.95,5.98,0.0,0.0,0.0,False
2026-10-04T11:18:58.230743+00:00,SEIG.CA,239.2,239.2,239.2,50.0,0.0,0.0,1706736.66,0.72,222.0,240.0,222.0,240.0,7.75,0.33,0.0,0.0,0.0,False
2026-10-04T11:18:58.230743+00:00,EPPK.CA,10.29,10.29,10.29,50.0,0.0,0.0,1495013.2,0.28,10.29,10.29,10.29,10.29,0.0,0.0,0.0,0.0,0.0,False
