timestamp_utc,Ticker,Yahoo_Symbol,Sector,Current_Price,Volume,Daily_Liquidity_EGP,Liquidity_Source,Price_Source,Price_As_Of,Price_Freshness,Current_Open,Current_High,Current_Low,Current_Previous_Close,Current_Change_%,Current_Source_URL,Yahoo_Last_Close,Current_Yahoo_Delta_%,Technical_Source_Status
2026-10-04T11:18:58.230743+00:00,ALCN.CA,ALCN.CA,Transportation & Logistics,34.97,2980370.0,105739688.0,Mubasher delayed stock page,Yahoo Finance history + Mubasher delayed current trading data,01:01 PM market time,DELAYED_CURRENT,34.1,36.18,34.11,34.1,2.55,https://english.mubasher.info/markets/EGX/stocks/ALCN,34.1,2.55,ALIGNED
2026-10-04T11:18:58.230743+00:00,BIOC.CA,BIOC.CA,General / Verified EGX Expansion,357.06,885902.0,317506848.0,Mubasher delayed stock page,Yahoo Finance history + Mubasher delayed current trading data,01:02 PM market time,DELAYED_CURRENT,350.11,379.0,330.0,350.11,1.99,https://english.mubasher.info/markets/EGX/stocks/BIOC,350.11,1.99,ALIGNED
2026-10-04T11:18:58.230743+00:00,EFIH.CA,EFIH.CA,Fintech & Payments,23.89,3977728.0,94408192.0,Mubasher delayed stock page,Yahoo Finance history + Mubasher delayed current trading data,01:01 PM market time,DELAYED_CURRENT,23.4,23.99,23.05,23.4,2.09,https://english.mubasher.info/markets/EGX/stocks/EFIH,23.4,2.09,ALIGNED
2026-10-04T11:18:58.230743+00:00,FWRY.CA,FWRY.CA,Fintech & Payments,19.05,9437776.0,180166848.0,Mubasher delayed stock page,Yahoo Finance history + Mubasher delayed current trading data,01:01 PM market time,DELAYED_CURRENT,18.85,19.23,18.85,18.85,1.06,https://english.mubasher.info/markets/EGX/stocks/FWRY,18.85,1.06,ALIGNED
2026-10-04T11:18:58.230743+00:00,GBCO.CA,GBCO.CA,Automotive & Distribution,32.3,5609507.0,181625600.0,Mubasher delayed stock page,Yahoo Finance history + Mubasher delayed current trading data,01:01 PM market time,DELAYED_CURRENT,31.0,32.93,31.1,31.0,4.19,https://english.mubasher.info/markets/EGX/stocks/GBCO,31.0,4.19,ALIGNED
2026-10-04T11:18:58.230743+00:00,AMOC.CA,AMOC.CA,Energy & Petrochemicals,13.91,8147825.0,114702368.0,Mubasher delayed stock page,Yahoo Finance history + Mubasher delayed current trading data,01:01 PM market time,DELAYED_CURRENT,14.05,14.47,13.87,14.05,-1.0,https://english.mubasher.info/markets/EGX/stocks/AMOC,14.05,1.0,ALIGNED
2026-10-04T11:18:58.230743+00:00,TALM.CA,TALM.CA,Education,21.2,772905.0,16342846.0,Mubasher delayed stock page,Yahoo Finance history + Mubasher delayed current trading data,01:00 PM market time,DELAYED_CURRENT,20.99,21.6,20.7,20.99,1.0,https://english.mubasher.info/markets/EGX/stocks/TALM,20.99,1.0,ALIGNED
2026-10-04T11:18:58.230743+00:00,CIRA.CA,CIRA.CA,Education,39.68,430478.0,17164778.0,Mubasher delayed stock page,Yahoo Finance history + Mubasher delayed current trading data,01:00 PM market time,DELAYED_CURRENT,39.29,40.4,39.5,39.29,0.99,https://english.mubasher.info/markets/EGX/stocks/CIRA,39.29,0.99,ALIGNED
2026-10-04T11:18:58.230743+00:00,ORWE.CA,ORWE.CA,Textiles,27.54,2082250.0,57206004.0,Mubasher delayed stock page,Yahoo Finance history + Mubasher delayed current trading data,01:02 PM market time,DELAYED_CURRENT,27.84,28.09,27.03,27.84,-1.08,https://english.mubasher.info/markets/EGX/stocks/ORWE,27.84,1.08,ALIGNED
2026-10-04T11:18:58.230743+00:00,KABO.CA,KABO.CA,Textiles,9.21,1099311.0,10088258.0,Mubasher delayed stock page,Yahoo Finance history + Mubasher delayed current trading data,01:01 PM market time,DELAYED_CURRENT,9.24,9.3,9.1,9.24,-0.32,https://english.mubasher.info/markets/EGX/stocks/KABO,9.24,0.32,ALIGNED
2026-10-04T11:18:58.230743+00:00,CCAP.CA,CCAP.CA,Investment Holding,6.79,72310409.0,497326112.0,Mubasher delayed stock page,Yahoo Finance history + Mubasher delayed current trading data,01:02 PM market time,DELAYED_CURRENT,6.88,6.98,6.76,6.88,-1.31,https://english.mubasher.info/markets/EGX/stocks/CCAP,6.88,1.31,ALIGNED
2026-10-04T11:18:58.230743+00:00,CANA.CA,CANA.CA,Banking & Financials,46.1,677805.0,31263360.0,Mubasher delayed stock page,Yahoo Finance history + Mubasher delayed current trading data,01:01 PM market time,DELAYED_CURRENT,45.77,46.86,45.8,45.77,0.72,https://english.mubasher.info/markets/EGX/stocks/CANA,45.77,0.72,ALIGNED
2026-10-04T11:18:58.230743+00:00,SAUD.CA,SAUD.CA,Banking & Financials,23.83,509360.0,11980185.0,Mubasher delayed stock page,Yahoo Finance history + Mubasher delayed current trading data,01:01 PM market time,DELAYED_CURRENT,23.11,23.88,22.94,23.11,3.12,https://english.mubasher.info/markets/EGX/stocks/SAUD,23.11,3.12,ALIGNED
2026-10-04T11:18:58.230743+00:00,NIPH.CA,NIPH.CA,Healthcare,332.54,456716.0,152513360.0,Mubasher delayed stock page,Yahoo Finance history + Mubasher delayed current trading data,01:02 PM market time,DELAYED_CURRENT,331.03,341.0,325.1,331.03,0.46,https://english.mubasher.info/markets/EGX/stocks/NIPH,331.03,0.46,ALIGNED
2026-10-04T11:18:58.230743+00:00,EGAS.CA,EGAS.CA,Energy & Petrochemicals,57.9,103877.0,5997867.5,Mubasher delayed stock page,Yahoo Finance history + Mubasher delayed current trading data,01:01 PM market time,DELAYED_CURRENT,56.43,58.39,56.44,56.43,2.6,https://english.mubasher.info/markets/EGX/stocks/EGAS,56.43,2.6,ALIGNED
2026-10-04T11:18:58.230743+00:00,COPR.CA,COPR.CA,General / Verified EGX Expansion,0.51,64675658.0,32662510.0,Mubasher delayed stock page,Yahoo Finance history + Mubasher delayed current trading data,01:02 PM market time,DELAYED_CURRENT,0.49,0.51,0.49,0.49,5.13,https://english.mubasher.info/markets/EGX/stocks/COPR,0.49,4.08,ALIGNED
2026-10-04T11:18:58.230743+00:00,AMIA.CA,AMIA.CA,General / Verified EGX Expansion,18.88,613545.0,11477273.0,Mubasher delayed stock page,Yahoo Finance history + Mubasher delayed current trading data,01:02 PM market time,DELAYED_CURRENT,18.43,18.97,18.43,18.43,2.44,https://english.mubasher.info/markets/EGX/stocks/AMIA,18.43,2.44,ALIGNED
2026-10-04T11:18:58.230743+00:00,LUTS.CA,LUTS.CA,General / Verified EGX Expansion,0.95,48637048.0,46297192.0,Mubasher delayed stock page,Yahoo Finance history + Mubasher delayed current trading data,01:03 PM market time,DELAYED_CURRENT,0.93,0.97,0.93,0.93,2.04,https://english.mubasher.info/markets/EGX/stocks/LUTS,0.93,2.15,ALIGNED
2026-10-04T11:18:58.230743+00:00,MAAL.CA,MAAL.CA,General / Verified EGX Expansion,10.83,1932342.0,21071686.0,Mubasher delayed stock page,Yahoo Finance history + Mubasher delayed current trading data,01:02 PM market time,DELAYED_CURRENT,10.82,11.5,10.53,10.82,0.09,https://english.mubasher.info/markets/EGX/stocks/MAAL,10.82,0.09,ALIGNED
2026-10-04T11:18:58.230743+00:00,NCCW.CA,NCCW.CA,General / Verified EGX Expansion,7.45,4266243.0,31236350.0,Mubasher delayed stock page,Yahoo Finance history + Mubasher delayed current trading data,01:03 PM market time,DELAYED_CURRENT,7.2,7.46,7.2,7.2,3.47,https://english.mubasher.info/markets/EGX/stocks/NCCW,7.2,3.47,ALIGNED
2026-10-04T11:18:58.230743+00:00,RUBX.CA,RUBX.CA,General / Verified EGX Expansion,15.81,2819060.0,43978788.0,Mubasher delayed stock page,Yahoo Finance history + Mubasher delayed current trading data,01:03 PM market time,DELAYED_CURRENT,15.3,15.95,15.35,15.3,3.33,https://english.mubasher.info/markets/EGX/stocks/RUBX,15.3,3.33,ALIGNED
2026-10-04T11:18:58.230743+00:00,CERA.CA,CERA.CA,General / Verified EGX Expansion,1.44,163163707.0,236239680.0,Mubasher delayed stock page,Yahoo Finance history + Mubasher delayed current trading data,01:02 PM market time,DELAYED_CURRENT,1.41,1.48,1.39,1.41,2.13,https://english.mubasher.info/markets/EGX/stocks/CERA,1.41,2.13,ALIGNED
2026-10-04T11:18:58.230743+00:00,HDBK.CA,HDBK.CA,Banking & Financials,111.62,122028.0,13569712.0,Mubasher delayed stock page,Yahoo Finance history + Mubasher delayed current trading data,01:01 PM market time,DELAYED_CURRENT,110.94,112.4,109.21,110.94,0.61,https://english.mubasher.info/markets/EGX/stocks/HDBK,110.94,0.61,ALIGNED
2026-10-04T11:18:58.230743+00:00,EXPA.CA,EXPA.CA,Banking & Financials,21.39,1090895.0,23127906.0,Mubasher delayed stock page,Yahoo Finance history + Mubasher delayed current trading data,01:02 PM market time,DELAYED_CURRENT,21.03,21.4,21.03,21.03,1.71,https://english.mubasher.info/markets/EGX/stocks/EXPA,21.03,1.71,ALIGNED
2026-10-04T11:18:58.230743+00:00,ACGC.CA,ACGC.CA,Textiles,14.64,458890.0,6719537.5,Mubasher delayed stock page,Yahoo Finance history + Mubasher delayed current trading data,01:01 PM market time,DELAYED_CURRENT,14.52,14.87,14.42,14.52,0.83,https://english.mubasher.info/markets/EGX/stocks/ACGC,14.52,0.83,ALIGNED
2026-10-04T11:18:58.230743+00:00,AFMC.CA,AFMC.CA,General / Verified EGX Expansion,161.86,147258.0,24075282.0,Mubasher delayed stock page,Yahoo Finance history + Mubasher delayed current trading data,01:02 PM market time,DELAYED_CURRENT,162.4,179.99,160.11,162.4,-0.33,https://english.mubasher.info/markets/EGX/stocks/AFMC,162.4,0.33,ALIGNED
2026-10-04T11:18:58.230743+00:00,AJWA.CA,AJWA.CA,General / Verified EGX Expansion,180.02,75026.0,13660802.0,Mubasher delayed stock page,Yahoo Finance history + Mubasher delayed current trading data,01:00 PM market time,DELAYED_CURRENT,182.07,184.74,180.0,182.07,-1.13,https://english.mubasher.info/markets/EGX/stocks/AJWA,182.07,1.13,ALIGNED
2026-10-04T11:18:58.230743+00:00,MPRC.CA,MPRC.CA,General / Verified EGX Expansion,39.99,271878.0,10836824.0,Mubasher delayed stock page,Yahoo Finance history + Mubasher delayed current trading data,01:03 PM market time,DELAYED_CURRENT,39.02,40.0,39.2,39.02,2.49,https://english.mubasher.info/markets/EGX/stocks/MPRC,39.02,2.49,ALIGNED
2026-10-04T11:18:58.230743+00:00,LCSW.CA,LCSW.CA,Building Materials,33.47,277593.0,9214671.0,Mubasher delayed stock page,Yahoo Finance history + Mubasher delayed current trading data,01:01 PM market time,DELAYED_CURRENT,33.49,33.48,32.87,33.49,-0.06,https://english.mubasher.info/markets/EGX/stocks/LCSW,33.49,0.06,ALIGNED
2026-10-04T11:18:58.230743+00:00,BINV.CA,BINV.CA,Investment Holding,59.99,102178.0,6074432.0,Mubasher delayed stock page,Yahoo Finance history + Mubasher delayed current trading data,12:58 PM market time,DELAYED_CURRENT,59.74,60.99,58.52,59.74,0.42,https://english.mubasher.info/markets/EGX/stocks/BINV,59.74,0.42,ALIGNED
2026-10-04T11:18:58.230743+00:00,MPCO.CA,MPCO.CA,Agriculture & Food Production,2.52,41086833.0,102961576.0,Mubasher delayed stock page,Yahoo Finance history + Mubasher delayed current trading data,01:01 PM market time,DELAYED_CURRENT,2.48,2.56,2.45,2.48,1.61,https://english.mubasher.info/markets/EGX/stocks/MPCO,2.48,1.61,ALIGNED
2026-10-04T11:18:58.230743+00:00,ETRS.CA,ETRS.CA,General / Verified EGX Expansion,10.93,777980.0,8358461.0,Mubasher delayed stock page,Yahoo Finance history + Mubasher delayed current trading data,01:02 PM market time,DELAYED_CURRENT,10.5,10.95,10.26,10.5,4.1,https://english.mubasher.info/markets/EGX/stocks/ETRS,10.5,4.1,ALIGNED
2026-10-04T11:18:58.230743+00:00,SWDY.CA,SWDY.CA,Industrial Goods & Cables,120.03,564873.0,68407048.0,Mubasher delayed stock page,Yahoo Finance history + Mubasher delayed current trading data,01:01 PM market time,DELAYED_CURRENT,120.0,124.38,118.02,120.0,0.03,https://english.mubasher.info/markets/EGX/stocks/SWDY,120.0,0.03,ALIGNED
2026-10-04T11:18:58.230743+00:00,MCRO.CA,MCRO.CA,General / Verified EGX Expansion,1.59,50897804.0,80587800.0,Mubasher delayed stock page,Yahoo Finance history + Mubasher delayed current trading data,01:02 PM market time,DELAYED_CURRENT,1.57,1.61,1.55,1.57,1.27,https://english.mubasher.info/markets/EGX/stocks/MCRO,1.57,1.27,ALIGNED
2026-10-04T11:18:58.230743+00:00,ABUK.CA,ABUK.CA,Basic Resources & Chemicals,88.72,451589.0,39785400.0,Mubasher delayed stock page,Yahoo Finance history + Mubasher delayed current trading data,01:01 PM market time,DELAYED_CURRENT,87.02,88.96,86.77,87.02,1.95,https://english.mubasher.info/markets/EGX/stocks/ABUK,87.02,1.95,ALIGNED
2026-10-04T11:18:58.230743+00:00,MFPC.CA,MFPC.CA,Basic Resources & Chemicals,46.99,793233.0,37225840.0,Mubasher delayed stock page,Yahoo Finance history + Mubasher delayed current trading data,01:01 PM market time,DELAYED_CURRENT,45.63,47.5,45.9,45.63,2.98,https://english.mubasher.info/markets/EGX/stocks/MFPC,45.63,2.98,ALIGNED
2026-10-04T11:18:58.230743+00:00,CLHO.CA,CLHO.CA,Healthcare,16.06,1549012.0,24567062.0,Mubasher delayed stock page,Yahoo Finance history + Mubasher delayed current trading data,01:01 PM market time,DELAYED_CURRENT,15.7,16.1,15.59,15.7,2.29,https://english.mubasher.info/markets/EGX/stocks/CLHO,15.7,2.29,ALIGNED
2026-10-04T11:18:58.230743+00:00,MTIE.CA,MTIE.CA,Automotive & Distribution,8.15,3343979.0,27242898.0,Mubasher delayed stock page,Yahoo Finance history + Mubasher delayed current trading data,01:01 PM market time,DELAYED_CURRENT,8.26,8.29,8.09,8.26,-1.33,https://english.mubasher.info/markets/EGX/stocks/MTIE,8.26,1.33,ALIGNED
2026-10-04T11:18:58.230743+00:00,ACAMD.CA,ACAMD.CA,General / Verified EGX Expansion,2.04,16625179.0,34125848.0,Mubasher delayed stock page,Yahoo Finance history + Mubasher delayed current trading data,01:02 PM market time,DELAYED_CURRENT,2.03,2.07,2.04,2.03,0.49,https://english.mubasher.info/markets/EGX/stocks/ACAMD,2.03,0.49,ALIGNED
2026-10-04T11:18:58.230743+00:00,SDTI.CA,SDTI.CA,General / Verified EGX Expansion,83.98,167392.0,13991468.0,Mubasher delayed stock page,Yahoo Finance history + Mubasher delayed current trading data,01:03 PM market time,DELAYED_CURRENT,84.33,85.99,83.0,84.33,-0.42,https://english.mubasher.info/markets/EGX/stocks/SDTI,84.33,0.42,ALIGNED
2026-10-04T11:18:58.230743+00:00,SNFC.CA,SNFC.CA,General / Verified EGX Expansion,11.5,417751.0,4831367.5,Mubasher delayed stock page,Yahoo Finance history + Mubasher delayed current trading data,01:03 PM market time,DELAYED_CURRENT,11.55,11.8,11.45,11.55,-0.43,https://english.mubasher.info/markets/EGX/stocks/SNFC,11.55,0.43,ALIGNED
2026-10-04T11:18:58.230743+00:00,ADIB.CA,ADIB.CA,Banking & Financials,49.96,1421759.0,70749224.0,Mubasher delayed stock page,Yahoo Finance history + Mubasher delayed current trading data,01:01 PM market time,DELAYED_CURRENT,49.82,50.25,49.31,49.82,0.28,https://english.mubasher.info/markets/EGX/stocks/ADIB,49.82,0.28,ALIGNED
2026-10-04T11:18:58.230743+00:00,ARAB.CA,ARAB.CA,Real Estate,0.25,291096696.0,71181200.0,Mubasher delayed stock page,Yahoo Finance history + Mubasher delayed current trading data,01:01 PM market time,DELAYED_CURRENT,0.24,0.25,0.24,0.24,2.93,https://english.mubasher.info/markets/EGX/stocks/ARAB,0.24,4.17,ALIGNED
2026-10-04T11:18:58.230743+00:00,EGAL.CA,EGAL.CA,Basic Resources & Chemicals,346.01,350563.0,122963272.0,Mubasher delayed stock page,Yahoo Finance history + Mubasher delayed current trading data,01:01 PM market time,DELAYED_CURRENT,342.0,359.7,344.0,342.0,1.17,https://english.mubasher.info/markets/EGX/stocks/EGAL,342.0,1.17,ALIGNED
2026-10-04T11:18:58.230743+00:00,PHAR.CA,PHAR.CA,Healthcare,117.35,566774.0,66500820.0,Mubasher delayed stock page,Yahoo Finance history + Mubasher delayed current trading data,01:01 PM market time,DELAYED_CURRENT,115.8,119.2,115.51,115.8,1.34,https://english.mubasher.info/markets/EGX/stocks/PHAR,115.8,1.34,ALIGNED
2026-10-04T11:18:58.230743+00:00,RACC.CA,RACC.CA,General / Verified EGX Expansion,9.4,1521237.0,14388060.0,Mubasher delayed stock page,Yahoo Finance history + Mubasher delayed current trading data,01:01 PM market time,DELAYED_CURRENT,9.32,9.55,9.32,9.32,0.86,https://english.mubasher.info/markets/EGX/stocks/RACC,9.32,0.86,ALIGNED
2026-10-04T11:18:58.230743+00:00,NHPS.CA,NHPS.CA,General / Verified EGX Expansion,75.01,232667.0,17430080.0,Mubasher delayed stock page,Yahoo Finance history + Mubasher delayed current trading data,01:02 PM market time,DELAYED_CURRENT,72.01,77.0,72.0,72.01,4.17,https://english.mubasher.info/markets/EGX/stocks/NHPS,72.01,4.17,ALIGNED
2026-10-04T11:18:58.230743+00:00,CPCI.CA,CPCI.CA,General / Verified EGX Expansion,606.37,8804.0,5342546.5,Mubasher delayed stock page,Yahoo Finance history + Mubasher delayed current trading data,01:01 PM market time,DELAYED_CURRENT,595.69,613.5,599.0,595.69,1.79,https://english.mubasher.info/markets/EGX/stocks/CPCI,595.69,1.79,ALIGNED
2026-10-04T11:18:58.230743+00:00,MASR.CA,MASR.CA,General / Verified EGX Expansion,7.75,4651276.0,35809060.0,Mubasher delayed stock page,Yahoo Finance history + Mubasher delayed current trading data,01:01 PM market time,DELAYED_CURRENT,7.65,7.76,7.61,7.65,1.31,https://english.mubasher.info/markets/EGX/stocks/MASR,7.65,1.31,ALIGNED
2026-10-04T11:18:58.230743+00:00,OFH.CA,OFH.CA,General / Verified EGX Expansion,0.93,34689961.0,32197014.0,Mubasher delayed stock page,Yahoo Finance history + Mubasher delayed current trading data,01:03 PM market time,DELAYED_CURRENT,0.92,0.94,0.91,0.92,0.65,https://english.mubasher.info/markets/EGX/stocks/OFH,0.92,1.09,ALIGNED
2026-10-04T11:18:58.230743+00:00,UEGC.CA,UEGC.CA,General / Verified EGX Expansion,1.61,21676994.0,34573772.0,Mubasher delayed stock page,Yahoo Finance history + Mubasher delayed current trading data,01:03 PM market time,DELAYED_CURRENT,1.56,1.63,1.55,1.56,3.21,https://english.mubasher.info/markets/EGX/stocks/UEGC,1.56,3.21,ALIGNED
2026-10-04T11:18:58.230743+00:00,UNIP.CA,UNIP.CA,General / Verified EGX Expansion,0.36,33959689.0,12159083.0,Mubasher delayed stock page,Yahoo Finance history + Mubasher delayed current trading data,01:03 PM market time,DELAYED_CURRENT,0.35,0.37,0.35,0.35,4.0,https://english.mubasher.info/markets/EGX/stocks/UNIP,0.35,2.86,ALIGNED
2026-10-04T11:18:58.230743+00:00,ELKA.CA,ELKA.CA,General / Verified EGX Expansion,1.64,6178503.0,9948037.0,Mubasher delayed stock page,Yahoo Finance history + Mubasher delayed current trading data,01:02 PM market time,DELAYED_CURRENT,1.59,1.65,1.59,1.59,3.14,https://english.mubasher.info/markets/EGX/stocks/ELKA,1.59,3.14,ALIGNED
2026-10-04T11:18:58.230743+00:00,EGCH.CA,EGCH.CA,Basic Resources & Chemicals,13.67,2988590.0,40748976.0,Mubasher delayed stock page,Yahoo Finance history + Mubasher delayed current trading data,01:01 PM market time,DELAYED_CURRENT,13.62,13.71,13.52,13.62,0.37,https://english.mubasher.info/markets/EGX/stocks/EGCH,13.62,0.37,ALIGNED
2026-10-04T11:18:58.230743+00:00,IRON.CA,IRON.CA,Basic Resources & Chemicals,27.87,320492.0,8928287.0,Mubasher delayed stock page,Yahoo Finance history + Mubasher delayed current trading data,12:47 PM market time,DELAYED_CURRENT,26.55,27.87,26.57,26.55,4.97,https://english.mubasher.info/markets/EGX/stocks/IRON,26.55,4.97,ALIGNED
2026-10-04T11:18:58.230743+00:00,OLFI.CA,OLFI.CA,"Food, Beverages & Tobacco",21.52,1069409.0,23236600.0,Mubasher delayed stock page,Yahoo Finance history + Mubasher delayed current trading data,01:00 PM market time,DELAYED_CURRENT,21.6,22.0,21.5,21.6,-0.37,https://english.mubasher.info/markets/EGX/stocks/OLFI,21.6,0.37,ALIGNED
2026-10-04T11:18:58.230743+00:00,BTFH.CA,BTFH.CA,Non-bank Financial Services,2.85,25600871.0,72770600.0,Mubasher delayed stock page,Yahoo Finance history + Mubasher delayed current trading data,01:01 PM market time,DELAYED_CURRENT,2.83,2.88,2.81,2.83,0.71,https://english.mubasher.info/markets/EGX/stocks/BTFH,2.83,0.71,ALIGNED
2026-10-04T11:18:58.230743+00:00,EGTS.CA,EGTS.CA,Real Estate,16.41,2463582.0,40349220.0,Mubasher delayed stock page,Yahoo Finance history + Mubasher delayed current trading data,01:01 PM market time,DELAYED_CURRENT,16.44,16.65,16.2,16.44,-0.18,https://english.mubasher.info/markets/EGX/stocks/EGTS,16.44,0.18,ALIGNED
2026-10-04T11:18:58.230743+00:00,ELEC.CA,ELEC.CA,Industrial Goods & Cables,1.92,11880390.0,22566656.0,Mubasher delayed stock page,Yahoo Finance history + Mubasher delayed current trading data,01:02 PM market time,DELAYED_CURRENT,1.88,1.92,1.88,1.88,2.13,https://english.mubasher.info/markets/EGX/stocks/ELEC,1.88,2.13,ALIGNED
2026-10-04T11:18:58.230743+00:00,HELI.CA,HELI.CA,Real Estate,7.48,4355220.0,32607818.0,Mubasher delayed stock page,Yahoo Finance history + Mubasher delayed current trading data,01:01 PM market time,DELAYED_CURRENT,7.46,7.53,7.45,7.46,0.27,https://english.mubasher.info/markets/EGX/stocks/HELI,7.46,0.27,ALIGNED
2026-10-04T11:18:58.230743+00:00,AMER.CA,AMER.CA,Real Estate,4.61,5938590.0,27459740.0,Mubasher delayed stock page,Yahoo Finance history + Mubasher delayed current trading data,01:01 PM market time,DELAYED_CURRENT,4.52,4.7,4.57,4.52,1.99,https://english.mubasher.info/markets/EGX/stocks/AMER,4.52,1.99,ALIGNED
2026-10-04T11:18:58.230743+00:00,CAED.CA,CAED.CA,General / Verified EGX Expansion,123.72,73477.0,9195613.0,Mubasher delayed stock page,Yahoo Finance history + Mubasher delayed current trading data,01:02 PM market time,DELAYED_CURRENT,122.16,130.0,123.12,122.16,1.28,https://english.mubasher.info/markets/EGX/stocks/CAED,122.16,1.28,ALIGNED
2026-10-04T11:18:58.230743+00:00,EEII.CA,EEII.CA,General / Verified EGX Expansion,2.18,5447101.0,11804943.0,Mubasher delayed stock page,Yahoo Finance history + Mubasher delayed current trading data,01:00 PM market time,DELAYED_CURRENT,2.12,2.2,2.12,2.12,2.83,https://english.mubasher.info/markets/EGX/stocks/EEII,2.12,2.83,ALIGNED
2026-10-04T11:18:58.230743+00:00,CEFM.CA,CEFM.CA,General / Verified EGX Expansion,142.49,27638.0,3991478.0,Mubasher delayed stock page,Yahoo Finance history + Mubasher delayed current trading data,01:02 PM market time,DELAYED_CURRENT,139.56,147.0,141.53,139.56,2.1,https://english.mubasher.info/markets/EGX/stocks/CEFM,139.56,2.1,ALIGNED
2026-10-04T11:18:58.230743+00:00,RAYA.CA,RAYA.CA,Technology & Distribution,6.84,3974398.0,26810230.0,Mubasher delayed stock page,Yahoo Finance history + Mubasher delayed current trading data,01:01 PM market time,DELAYED_CURRENT,6.65,6.87,6.65,6.65,2.86,https://english.mubasher.info/markets/EGX/stocks/RAYA,6.65,2.86,ALIGNED
2026-10-04T11:18:58.230743+00:00,ICID.CA,ICID.CA,General / Verified EGX Expansion,18.52,209750.0,3953055.25,Mubasher delayed stock page,Yahoo Finance history + Mubasher delayed current trading data,01:02 PM market time,DELAYED_CURRENT,18.8,20.0,18.26,18.8,-1.49,https://english.mubasher.info/markets/EGX/stocks/ICID,18.8,1.49,ALIGNED
2026-10-04T11:18:58.230743+00:00,EGBE.CA,EGBE.CA,Banking & Financials,0.53,404630.0,213472.52,Mubasher delayed stock page,Yahoo Finance history + Mubasher delayed current trading data,12:37 PM market time,DELAYED_CURRENT,0.52,0.53,0.53,0.52,1.34,https://english.mubasher.info/markets/EGX/stocks/EGBE,0.52,1.92,ALIGNED
2026-10-04T11:18:58.230743+00:00,MICH.CA,MICH.CA,General / Verified EGX Expansion,47.72,119042.0,5644557.5,Mubasher delayed stock page,Yahoo Finance history + Mubasher delayed current trading data,01:02 PM market time,DELAYED_CURRENT,45.93,48.15,46.6,45.93,3.9,https://english.mubasher.info/markets/EGX/stocks/MICH,45.93,3.9,ALIGNED
2026-10-04T11:18:58.230743+00:00,DTPP.CA,DTPP.CA,General / Verified EGX Expansion,295.12,78857.0,23254170.0,Mubasher delayed stock page,Yahoo Finance history + Mubasher delayed current trading data,01:01 PM market time,DELAYED_CURRENT,292.19,302.85,282.0,292.19,1.0,https://english.mubasher.info/markets/EGX/stocks/DTPP,292.19,1.0,ALIGNED
2026-10-04T11:18:58.230743+00:00,SIPC.CA,SIPC.CA,General / Verified EGX Expansion,5.22,3550998.0,18313510.0,Mubasher delayed stock page,Yahoo Finance history + Mubasher delayed current trading data,01:03 PM market time,DELAYED_CURRENT,5.13,5.25,5.0,5.13,1.75,https://english.mubasher.info/markets/EGX/stocks/SIPC,5.13,1.75,ALIGNED
2026-10-04T11:18:58.230743+00:00,MHOT.CA,MHOT.CA,Tourism & Leisure,17.7,811215.0,14336859.0,Mubasher delayed stock page,Yahoo Finance history + Mubasher delayed current trading data,12:59 PM market time,DELAYED_CURRENT,17.39,17.9,17.5,17.39,1.78,https://english.mubasher.info/markets/EGX/stocks/MHOT,17.39,1.78,ALIGNED
2026-10-04T11:18:58.230743+00:00,ATQA.CA,ATQA.CA,Basic Resources & Chemicals,11.79,4083431.0,47307876.0,Mubasher delayed stock page,Yahoo Finance history + Mubasher delayed current trading data,01:02 PM market time,DELAYED_CURRENT,11.4,11.8,11.44,11.4,3.42,https://english.mubasher.info/markets/EGX/stocks/ATQA,11.4,3.42,ALIGNED
2026-10-04T11:18:58.230743+00:00,MOIN.CA,MOIN.CA,General / Verified EGX Expansion,34.98,133367.0,4683045.5,Mubasher delayed stock page,Yahoo Finance history + Mubasher delayed current trading data,01:03 PM market time,DELAYED_CURRENT,35.02,35.79,34.63,35.02,-0.11,https://english.mubasher.info/markets/EGX/stocks/MOIN,35.02,0.11,ALIGNED
2026-10-04T11:18:58.230743+00:00,CICH.CA,CICH.CA,Non-bank Financial Services,12.14,170715.0,2049347.75,Mubasher delayed stock page,Yahoo Finance history + Mubasher delayed current trading data,12:54 PM market time,DELAYED_CURRENT,11.67,12.2,11.6,11.67,4.03,https://english.mubasher.info/markets/EGX/stocks/CICH,11.67,4.03,ALIGNED
2026-10-04T11:18:58.230743+00:00,OIH.CA,OIH.CA,Investment Holding,1.87,16408625.0,30557218.0,Mubasher delayed stock page,Yahoo Finance history + Mubasher delayed current trading data,01:01 PM market time,DELAYED_CURRENT,1.87,1.89,1.84,1.87,0.0,https://english.mubasher.info/markets/EGX/stocks/OIH,1.87,0.0,ALIGNED
2026-10-04T11:18:58.230743+00:00,KZPC.CA,KZPC.CA,General / Verified EGX Expansion,13.01,347056.0,4530376.5,Mubasher delayed stock page,Yahoo Finance history + Mubasher delayed current trading data,01:03 PM market time,DELAYED_CURRENT,13.0,13.19,12.95,13.0,0.08,https://english.mubasher.info/markets/EGX/stocks/KZPC,13.0,0.08,ALIGNED
2026-10-04T11:18:58.230743+00:00,SUGR.CA,SUGR.CA,"Food, Beverages & Tobacco",55.06,192603.0,10531121.0,Mubasher delayed stock page,Yahoo Finance history + Mubasher delayed current trading data,12:58 PM market time,DELAYED_CURRENT,52.89,55.97,53.5,52.89,4.1,https://english.mubasher.info/markets/EGX/stocks/SUGR,52.89,4.1,ALIGNED
2026-10-04T11:18:58.230743+00:00,MBSC.CA,MBSC.CA,Building Materials,356.64,471283.0,159328128.0,Mubasher delayed stock page,Yahoo Finance history + Mubasher delayed current trading data,01:01 PM market time,DELAYED_CURRENT_UNALIGNED,297.2,356.64,306.98,297.2,20.0,https://english.mubasher.info/markets/EGX/stocks/MBSC,297.2,20.0,UNALIGNED_BLOCKED
2026-10-04T11:18:58.230743+00:00,ARCC.CA,ARCC.CA,Building Materials,73.96,1664770.0,120507400.0,Mubasher delayed stock page,Yahoo Finance history + Mubasher delayed current trading data,01:01 PM market time,DELAYED_CURRENT_UNALIGNED,67.5,74.25,67.7,67.5,9.57,https://english.mubasher.info/markets/EGX/stocks/ARCC,67.5,9.57,UNALIGNED_BLOCKED
2026-10-04T11:18:58.230743+00:00,MCQE.CA,MCQE.CA,Building Materials,217.65,605313.0,131054504.0,Mubasher delayed stock page,Yahoo Finance history + Mubasher delayed current trading data,01:01 PM market time,DELAYED_CURRENT_UNALIGNED,189.78,224.98,195.02,189.78,14.69,https://english.mubasher.info/markets/EGX/stocks/MCQE,189.78,14.69,UNALIGNED_BLOCKED
2026-10-04T11:18:58.230743+00:00,ATLC.CA,ATLC.CA,Non-bank Financial Services,6.27,632931.0,3920224.5,Mubasher delayed stock page,Yahoo Finance history + Mubasher delayed current trading data,01:01 PM market time,DELAYED_CURRENT,6.13,6.29,6.04,6.13,2.28,https://english.mubasher.info/markets/EGX/stocks/ATLC,6.13,2.28,ALIGNED
2026-10-04T11:18:58.230743+00:00,CSAG.CA,CSAG.CA,Transportation & Logistics,37.7,141569.0,5293775.0,Mubasher delayed stock page,Yahoo Finance history + Mubasher delayed current trading data,01:01 PM market time,DELAYED_CURRENT,36.5,37.76,37.0,36.5,3.29,https://english.mubasher.info/markets/EGX/stocks/CSAG,36.5,3.29,ALIGNED
2026-10-04T11:18:58.230743+00:00,SPMD.CA,SPMD.CA,General / Verified EGX Expansion,0.39,21560819.0,8395014.0,Mubasher delayed stock page,Yahoo Finance history + Mubasher delayed current trading data,01:03 PM market time,DELAYED_CURRENT,0.39,0.39,0.39,0.39,1.56,https://english.mubasher.info/markets/EGX/stocks/SPMD,0.38,2.63,ALIGNED
2026-10-04T11:18:58.230743+00:00,EMFD.CA,EMFD.CA,Real Estate,12.81,2499352.0,31927588.0,Mubasher delayed stock page,Yahoo Finance history + Mubasher delayed current trading data,01:01 PM market time,DELAYED_CURRENT,12.8,12.9,12.65,12.8,0.08,https://english.mubasher.info/markets/EGX/stocks/EMFD,12.8,0.08,ALIGNED
2026-10-04T11:18:58.230743+00:00,MOIL.CA,MOIL.CA,Energy & Petrochemicals,0.7,326430.0,229690.97,Mubasher delayed stock page,Yahoo Finance history + Mubasher delayed current trading data,12:20 PM market time,DELAYED_CURRENT,0.71,0.71,0.7,0.71,-0.99,https://english.mubasher.info/markets/EGX/stocks/MOIL,0.71,1.41,ALIGNED
2026-10-04T11:18:58.230743+00:00,ODIN.CA,ODIN.CA,General / Verified EGX Expansion,2.6,2536020.0,6580367.5,Mubasher delayed stock page,Yahoo Finance history + Mubasher delayed current trading data,01:03 PM market time,DELAYED_CURRENT,2.53,2.65,2.56,2.53,2.77,https://english.mubasher.info/markets/EGX/stocks/ODIN,2.53,2.77,ALIGNED
2026-10-04T11:18:58.230743+00:00,FAIT.CA,FAIT.CA,Banking & Financials,45.89,48647.0,2208241.25,Mubasher delayed stock page,Yahoo Finance history + Mubasher delayed current trading data,01:01 PM market time,DELAYED_CURRENT,45.31,45.94,44.2,45.31,1.28,https://english.mubasher.info/markets/EGX/stocks/FAIT,45.31,1.28,ALIGNED
2026-10-04T11:18:58.230743+00:00,ROTO.CA,ROTO.CA,General / Verified EGX Expansion,39.63,162437.0,6495277.0,Mubasher delayed stock page,Yahoo Finance history + Mubasher delayed current trading data,01:03 PM market time,DELAYED_CURRENT,40.07,40.79,39.01,40.07,-1.1,https://english.mubasher.info/markets/EGX/stocks/ROTO,40.07,1.1,ALIGNED
2026-10-04T11:18:58.230743+00:00,ASCM.CA,ASCM.CA,General / Verified EGX Expansion,59.26,107945.0,6374733.0,Mubasher delayed stock page,Yahoo Finance history + Mubasher delayed current trading data,01:02 PM market time,DELAYED_CURRENT,58.52,59.46,58.55,58.52,1.26,https://english.mubasher.info/markets/EGX/stocks/ASCM,58.52,1.26,ALIGNED
2026-10-04T11:18:58.230743+00:00,SCEM.CA,SCEM.CA,Building Materials,89.78,2170282.0,186467744.0,Mubasher delayed stock page,Yahoo Finance history + Mubasher delayed current trading data,01:02 PM market time,DELAYED_CURRENT_UNALIGNED,80.18,89.89,81.67,80.18,11.97,https://english.mubasher.info/markets/EGX/stocks/SCEM,80.18,11.97,UNALIGNED_BLOCKED
2026-10-04T11:18:58.230743+00:00,CIEB.CA,CIEB.CA,Banking & Financials,24.37,200753.0,4867707.5,Mubasher delayed stock page,Yahoo Finance history + Mubasher delayed current trading data,01:00 PM market time,DELAYED_CURRENT,23.95,24.76,23.92,23.95,1.75,https://english.mubasher.info/markets/EGX/stocks/CIEB,23.95,1.75,ALIGNED
2026-10-04T11:18:58.230743+00:00,ISMQ.CA,ISMQ.CA,Basic Resources & Chemicals,8.43,3912394.0,32520758.0,Mubasher delayed stock page,Yahoo Finance history + Mubasher delayed current trading data,01:02 PM market time,DELAYED_CURRENT,8.08,8.5,8.1,8.08,4.33,https://english.mubasher.info/markets/EGX/stocks/ISMQ,8.08,4.33,ALIGNED
2026-10-04T11:18:58.230743+00:00,NINH.CA,NINH.CA,General / Verified EGX Expansion,19.9,1067162.0,21128486.0,Mubasher delayed stock page,Yahoo Finance history + Mubasher delayed current trading data,01:03 PM market time,DELAYED_CURRENT,19.25,20.39,19.32,19.25,3.38,https://english.mubasher.info/markets/EGX/stocks/NINH,19.25,3.38,ALIGNED
2026-10-04T11:18:58.230743+00:00,MPCI.CA,MPCI.CA,General / Verified EGX Expansion,360.64,413235.0,149190800.0,Mubasher delayed stock page,Yahoo Finance history + Mubasher delayed current trading data,01:03 PM market time,DELAYED_CURRENT,346.51,369.5,350.02,346.51,4.08,https://english.mubasher.info/markets/EGX/stocks/MPCI,346.51,4.08,ALIGNED
2026-10-04T11:18:58.230743+00:00,ISPH.CA,ISPH.CA,Healthcare,11.94,5011896.0,59784280.0,Mubasher delayed stock page,Yahoo Finance history + Mubasher delayed current trading data,01:01 PM market time,DELAYED_CURRENT,11.7,12.06,11.73,11.7,2.05,https://english.mubasher.info/markets/EGX/stocks/ISPH,11.7,2.05,ALIGNED
2026-10-04T11:18:58.230743+00:00,RMDA.CA,RMDA.CA,Healthcare,5.54,3777296.0,20868216.0,Mubasher delayed stock page,Yahoo Finance history + Mubasher delayed current trading data,01:01 PM market time,DELAYED_CURRENT,5.45,5.62,5.44,5.45,1.65,https://english.mubasher.info/markets/EGX/stocks/RMDA,5.45,1.65,ALIGNED
2026-10-04T11:18:58.230743+00:00,KWIN.CA,KWIN.CA,General / Verified EGX Expansion,81.3,70482.0,5693711.5,Mubasher delayed stock page,Yahoo Finance history + Mubasher delayed current trading data,01:02 PM market time,DELAYED_CURRENT,79.78,82.49,79.85,79.78,1.91,https://english.mubasher.info/markets/EGX/stocks/KWIN,79.78,1.91,ALIGNED
2026-10-04T11:18:58.230743+00:00,PRCL.CA,PRCL.CA,Building Materials,26.58,306847.0,8209322.5,Mubasher delayed stock page,Yahoo Finance history + Mubasher delayed current trading data,01:01 PM market time,DELAYED_CURRENT,26.54,27.33,26.35,26.54,0.15,https://english.mubasher.info/markets/EGX/stocks/PRCL,26.54,0.15,ALIGNED
2026-10-04T11:18:58.230743+00:00,ELSH.CA,ELSH.CA,General / Verified EGX Expansion,12.14,2849454.0,34539740.0,Mubasher delayed stock page,Yahoo Finance history + Mubasher delayed current trading data,01:02 PM market time,DELAYED_CURRENT,11.86,12.3,11.82,11.86,2.36,https://english.mubasher.info/markets/EGX/stocks/ELSH,11.86,2.36,ALIGNED
2026-10-04T11:18:58.230743+00:00,UEFM.CA,UEFM.CA,General / Verified EGX Expansion,511.47,3214.0,1635335.0,Mubasher delayed stock page,Yahoo Finance history + Mubasher delayed current trading data,01:03 PM market time,DELAYED_CURRENT,509.97,514.59,500.0,509.97,0.29,https://english.mubasher.info/markets/EGX/stocks/UEFM,509.97,0.29,ALIGNED
2026-10-04T11:18:58.230743+00:00,HRHO.CA,HRHO.CA,Non-bank Financial Services,25.78,15278573.0,385814176.0,Mubasher delayed stock page,Yahoo Finance history + Mubasher delayed current trading data,01:01 PM market time,DELAYED_CURRENT_UNALIGNED,24.2,26.02,24.21,24.2,6.53,https://english.mubasher.info/markets/EGX/stocks/HRHO,24.2,6.53,UNALIGNED_BLOCKED
2026-10-04T11:18:58.230743+00:00,COMI.CA,COMI.CA,Banking & Financials,127.51,1145258.0,146670016.0,Mubasher delayed stock page,Yahoo Finance history + Mubasher delayed current trading data,01:01 PM market time,DELAYED_CURRENT,127.69,128.8,127.3,127.69,-0.14,https://english.mubasher.info/markets/EGX/stocks/COMI,127.69,0.14,ALIGNED
2026-10-04T11:18:58.230743+00:00,MIPH.CA,MIPH.CA,Healthcare,819.17,1909.0,1567045.13,Mubasher delayed stock page,Yahoo Finance history + Mubasher delayed current trading data,12:56 PM market time,DELAYED_CURRENT,812.49,840.0,803.0,812.49,0.82,https://english.mubasher.info/markets/EGX/stocks/MIPH,812.49,0.82,ALIGNED
2026-10-04T11:18:58.230743+00:00,IDRE.CA,IDRE.CA,General / Verified EGX Expansion,50.72,105227.0,5247840.0,Mubasher delayed stock page,Yahoo Finance history + Mubasher delayed current trading data,01:02 PM market time,DELAYED_CURRENT,49.64,50.8,49.0,49.64,2.18,https://english.mubasher.info/markets/EGX/stocks/IDRE,49.64,2.18,ALIGNED
2026-10-04T11:18:58.230743+00:00,ASPI.CA,ASPI.CA,General / Verified EGX Expansion,0.38,28618574.0,10632071.0,Mubasher delayed stock page,Yahoo Finance history + Mubasher delayed current trading data,01:02 PM market time,DELAYED_CURRENT,0.37,0.38,0.37,0.37,1.63,https://english.mubasher.info/markets/EGX/stocks/ASPI,0.37,2.7,ALIGNED
2026-10-04T11:18:58.230743+00:00,CCRS.CA,CCRS.CA,General / Verified EGX Expansion,2.42,2053492.0,5004124.5,Mubasher delayed stock page,Yahoo Finance history + Mubasher delayed current trading data,12:52 PM market time,DELAYED_CURRENT,2.43,2.47,2.4,2.43,-0.41,https://english.mubasher.info/markets/EGX/stocks/CCRS,2.43,0.41,ALIGNED
2026-10-04T11:18:58.230743+00:00,COSG.CA,COSG.CA,General / Verified EGX Expansion,1.65,7650567.0,12423975.0,Mubasher delayed stock page,Yahoo Finance history + Mubasher delayed current trading data,01:02 PM market time,DELAYED_CURRENT,1.61,1.65,1.61,1.61,2.48,https://english.mubasher.info/markets/EGX/stocks/COSG,1.61,2.48,ALIGNED
2026-10-04T11:18:58.230743+00:00,DAPH.CA,DAPH.CA,General / Verified EGX Expansion,95.8,235573.0,22727090.0,Mubasher delayed stock page,Yahoo Finance history + Mubasher delayed current trading data,01:02 PM market time,DELAYED_CURRENT,95.02,97.79,95.1,95.02,0.82,https://english.mubasher.info/markets/EGX/stocks/DAPH,95.02,0.82,ALIGNED
2026-10-04T11:18:58.230743+00:00,ENGC.CA,ENGC.CA,General / Verified EGX Expansion,37.67,376289.0,14014983.0,Mubasher delayed stock page,Yahoo Finance history + Mubasher delayed current trading data,01:02 PM market time,DELAYED_CURRENT,36.4,37.9,36.71,36.4,3.49,https://english.mubasher.info/markets/EGX/stocks/ENGC,36.4,3.49,ALIGNED
2026-10-04T11:18:58.230743+00:00,EOSB.CA,EOSB.CA,General / Verified EGX Expansion,1.57,192.0,301.44,Yahoo Finance,Yahoo Finance,2026-09-30T21:00:00+00:00,FRESH,,,,,,,,,
2026-10-04T11:18:58.230743+00:00,GIHD.CA,GIHD.CA,General / Verified EGX Expansion,66.0,239553.0,15541941.0,Mubasher delayed stock page,Yahoo Finance history + Mubasher delayed current trading data,01:01 PM market time,DELAYED_CURRENT,63.51,67.0,63.75,63.51,3.92,https://english.mubasher.info/markets/EGX/stocks/GIHD,63.51,3.92,ALIGNED
2026-10-04T11:18:58.230743+00:00,GTWL.CA,GTWL.CA,General / Verified EGX Expansion,176.2,796041.0,141636720.0,Mubasher delayed stock page,Yahoo Finance history + Mubasher delayed current trading data,01:02 PM market time,DELAYED_CURRENT,171.47,184.45,172.0,171.47,2.76,https://english.mubasher.info/markets/EGX/stocks/GTWL,171.47,2.76,ALIGNED
2026-10-04T11:18:58.230743+00:00,MILS.CA,MILS.CA,General / Verified EGX Expansion,185.08,65905.0,12254753.0,Mubasher delayed stock page,Yahoo Finance history + Mubasher delayed current trading data,12:59 PM market time,DELAYED_CURRENT,183.61,190.0,183.62,183.61,0.8,https://english.mubasher.info/markets/EGX/stocks/MILS,183.61,0.8,ALIGNED
2026-10-04T11:18:58.230743+00:00,OBRI.CA,OBRI.CA,General / Verified EGX Expansion,29.44,1936195.0,55893872.0,Mubasher delayed stock page,Yahoo Finance history + Mubasher delayed current trading data,01:03 PM market time,DELAYED_CURRENT_UNALIGNED,25.74,30.77,25.8,25.74,14.37,https://english.mubasher.info/markets/EGX/stocks/OBRI,25.74,14.37,UNALIGNED_BLOCKED
2026-10-04T11:18:58.230743+00:00,AFDI.CA,AFDI.CA,General / Verified EGX Expansion,52.05,91991.0,4797249.5,Mubasher delayed stock page,Yahoo Finance history + Mubasher delayed current trading data,01:01 PM market time,DELAYED_CURRENT,52.0,52.9,51.54,52.0,0.1,https://english.mubasher.info/markets/EGX/stocks/AFDI,52.0,0.1,ALIGNED
2026-10-04T11:18:58.230743+00:00,WCDF.CA,WCDF.CA,General / Verified EGX Expansion,657.29,2619.0,1716030.75,Mubasher delayed stock page,Yahoo Finance history + Mubasher delayed current trading data,12:55 PM market time,DELAYED_CURRENT,654.28,676.0,645.31,654.28,0.46,https://english.mubasher.info/markets/EGX/stocks/WCDF,654.28,0.46,ALIGNED
2026-10-04T11:18:58.230743+00:00,PHDC.CA,PHDC.CA,Real Estate,13.01,9187728.0,121330584.0,Mubasher delayed stock page,Yahoo Finance history + Mubasher delayed current trading data,01:01 PM market time,DELAYED_CURRENT,13.28,13.44,13.0,13.28,-2.03,https://english.mubasher.info/markets/EGX/stocks/PHDC,13.28,2.03,ALIGNED
2026-10-04T11:18:58.230743+00:00,OCDI.CA,OCDI.CA,Real Estate,27.38,1075952.0,29654584.0,Mubasher delayed stock page,Yahoo Finance history + Mubasher delayed current trading data,01:01 PM market time,DELAYED_CURRENT,26.92,28.0,27.0,26.92,1.71,https://english.mubasher.info/markets/EGX/stocks/OCDI,26.92,1.71,ALIGNED
2026-10-04T11:18:58.230743+00:00,ORHD.CA,ORHD.CA,Real Estate,39.39,2992947.0,117672056.0,Mubasher delayed stock page,Yahoo Finance history + Mubasher delayed current trading data,01:01 PM market time,DELAYED_CURRENT,38.9,39.58,39.03,38.9,1.26,https://english.mubasher.info/markets/EGX/stocks/ORHD,38.9,1.26,ALIGNED
2026-10-04T11:18:58.230743+00:00,ZMID.CA,ZMID.CA,Real Estate,7.7,5258220.0,40629008.0,Mubasher delayed stock page,Yahoo Finance history + Mubasher delayed current trading data,01:01 PM market time,DELAYED_CURRENT,7.7,7.82,7.67,7.7,0.0,https://english.mubasher.info/markets/EGX/stocks/ZMID,7.7,0.0,ALIGNED
2026-10-04T11:18:58.230743+00:00,PRDC.CA,PRDC.CA,Real Estate,7.49,1572137.0,11709767.0,Mubasher delayed stock page,Yahoo Finance history + Mubasher delayed current trading data,01:01 PM market time,DELAYED_CURRENT,7.36,7.58,7.32,7.36,1.77,https://english.mubasher.info/markets/EGX/stocks/PRDC,7.36,1.77,ALIGNED
2026-10-04T11:18:58.230743+00:00,ZEOT.CA,ZEOT.CA,General / Verified EGX Expansion,12.94,326952.0,4137140.75,Mubasher delayed stock page,Yahoo Finance history + Mubasher delayed current trading data,01:03 PM market time,DELAYED_CURRENT,12.55,12.95,12.25,12.55,3.11,https://english.mubasher.info/markets/EGX/stocks/ZEOT,12.55,3.11,ALIGNED
2026-10-04T11:18:58.230743+00:00,DSCW.CA,DSCW.CA,General / Verified EGX Expansion,1.72,13443739.0,22997374.0,Mubasher delayed stock page,Yahoo Finance history + Mubasher delayed current trading data,01:02 PM market time,DELAYED_CURRENT,1.7,1.73,1.69,1.7,1.18,https://english.mubasher.info/markets/EGX/stocks/DSCW,1.7,1.18,ALIGNED
2026-10-04T11:18:58.230743+00:00,AREH.CA,AREH.CA,General / Verified EGX Expansion,1.33,7661317.0,10221081.0,Mubasher delayed stock page,Yahoo Finance history + Mubasher delayed current trading data,01:02 PM market time,DELAYED_CURRENT,1.3,1.37,1.3,1.3,2.31,https://english.mubasher.info/markets/EGX/stocks/AREH,1.3,2.31,ALIGNED
2026-10-04T11:18:58.230743+00:00,GDWA.CA,GDWA.CA,General / Verified EGX Expansion,0.68,21336872.0,14540819.0,Mubasher delayed stock page,Yahoo Finance history + Mubasher delayed current trading data,01:02 PM market time,DELAYED_CURRENT,0.67,0.69,0.67,0.67,1.94,https://english.mubasher.info/markets/EGX/stocks/GDWA,0.67,1.49,ALIGNED
2026-10-04T11:18:58.230743+00:00,GRCA.CA,GRCA.CA,General / Verified EGX Expansion,38.75,280107.0,10795207.0,Mubasher delayed stock page,Yahoo Finance history + Mubasher delayed current trading data,12:58 PM market time,DELAYED_CURRENT,37.0,39.8,36.51,37.0,4.73,https://english.mubasher.info/markets/EGX/stocks/GRCA,37.0,4.73,ALIGNED
2026-10-04T11:18:58.230743+00:00,MOED.CA,MOED.CA,General / Verified EGX Expansion,0.7,19664866.0,13581340.0,Mubasher delayed stock page,Yahoo Finance history + Mubasher delayed current trading data,01:03 PM market time,DELAYED_CURRENT,0.68,0.7,0.68,0.68,2.95,https://english.mubasher.info/markets/EGX/stocks/MOED,0.68,2.94,ALIGNED
2026-10-04T11:18:58.230743+00:00,EFID.CA,EFID.CA,"Food, Beverages & Tobacco",19.29,4236207.0,81401792.0,Mubasher delayed stock page,Yahoo Finance history + Mubasher delayed current trading data,01:01 PM market time,DELAYED_CURRENT,19.29,19.57,19.02,19.29,0.0,https://english.mubasher.info/markets/EGX/stocks/EFID,19.29,0.0,ALIGNED
2026-10-04T11:18:58.230743+00:00,SKPC.CA,SKPC.CA,Basic Resources & Chemicals,16.29,3281532.0,53602680.0,Mubasher delayed stock page,Yahoo Finance history + Mubasher delayed current trading data,01:01 PM market time,DELAYED_CURRENT,16.2,16.5,16.1,16.2,0.56,https://english.mubasher.info/markets/EGX/stocks/SKPC,16.2,0.56,ALIGNED
2026-10-04T11:18:58.230743+00:00,EFIC.CA,EFIC.CA,Basic Resources & Chemicals,171.79,121175.0,20847674.0,Mubasher delayed stock page,Yahoo Finance history + Mubasher delayed current trading data,01:02 PM market time,DELAYED_CURRENT,171.6,173.8,171.01,171.6,0.11,https://english.mubasher.info/markets/EGX/stocks/EFIC,171.6,0.11,ALIGNED
2026-10-04T11:18:58.230743+00:00,POUL.CA,POUL.CA,"Food, Beverages & Tobacco",10.1,3617450.0,37112352.0,Mubasher delayed stock page,Yahoo Finance history + Mubasher delayed current trading data,01:01 PM market time,DELAYED_CURRENT,10.28,10.6,10.06,10.28,-1.75,https://english.mubasher.info/markets/EGX/stocks/POUL,10.28,1.75,ALIGNED
2026-10-04T11:18:58.230743+00:00,INFI.CA,INFI.CA,General / Verified EGX Expansion,126.6,68322.0,8570707.0,Mubasher delayed stock page,Yahoo Finance history + Mubasher delayed current trading data,01:02 PM market time,DELAYED_CURRENT,123.74,127.0,123.99,123.74,2.31,https://english.mubasher.info/markets/EGX/stocks/INFI,123.74,2.31,ALIGNED
2026-10-04T11:18:58.230743+00:00,JUFO.CA,JUFO.CA,"Food, Beverages & Tobacco",25.7,738821.0,19056208.0,Mubasher delayed stock page,Yahoo Finance history + Mubasher delayed current trading data,01:01 PM market time,DELAYED_CURRENT,25.08,26.08,25.25,25.08,2.47,https://english.mubasher.info/markets/EGX/stocks/JUFO,25.08,2.47,ALIGNED
2026-10-04T11:18:58.230743+00:00,EAST.CA,EAST.CA,"Food, Beverages & Tobacco",29.38,1126803.0,33246234.0,Mubasher delayed stock page,Yahoo Finance history + Mubasher delayed current trading data,01:01 PM market time,DELAYED_CURRENT,29.47,30.0,29.3,29.47,-0.31,https://english.mubasher.info/markets/EGX/stocks/EAST,29.47,0.31,ALIGNED
2026-10-04T11:18:58.230743+00:00,TMGH.CA,TMGH.CA,Real Estate,89.29,2727078.0,242770560.0,Mubasher delayed stock page,Yahoo Finance history + Mubasher delayed current trading data,01:01 PM market time,DELAYED_CURRENT,87.7,89.4,88.02,87.7,1.81,https://english.mubasher.info/markets/EGX/stocks/TMGH,87.7,1.81,ALIGNED
2026-10-04T11:18:58.230743+00:00,DEIN.CA,DEIN.CA,General / Verified EGX Expansion,10.35,4.0,49.68,Mubasher delayed stock page,Yahoo Finance history + Mubasher delayed current trading data,10 September 11:17 AM market time,DELAYED_CURRENT,10.35,12.42,12.42,10.35,20.0,https://english.mubasher.info/markets/EGX/stocks/DEIN,10.35,0.0,ALIGNED
2026-10-04T11:18:58.230743+00:00,MEPA.CA,MEPA.CA,General / Verified EGX Expansion,1.76,4491280.0,7862508.5,Mubasher delayed stock page,Yahoo Finance history + Mubasher delayed current trading data,01:03 PM market time,DELAYED_CURRENT,1.72,1.78,1.72,1.72,2.33,https://english.mubasher.info/markets/EGX/stocks/MEPA,1.72,2.33,ALIGNED
2026-10-04T11:18:58.230743+00:00,EDFM.CA,EDFM.CA,General / Verified EGX Expansion,402.26,5102.0,2086043.75,Mubasher delayed stock page,Yahoo Finance history + Mubasher delayed current trading data,12:59 PM market time,DELAYED_CURRENT,401.0,425.0,400.0,401.0,0.31,https://english.mubasher.info/markets/EGX/stocks/EDFM,401.0,0.31,ALIGNED
2026-10-04T11:18:58.230743+00:00,ADCI.CA,ADCI.CA,General / Verified EGX Expansion,274.04,9194.0,2528770.0,Mubasher delayed stock page,Yahoo Finance history + Mubasher delayed current trading data,01:01 PM market time,DELAYED_CURRENT,272.0,278.0,272.0,272.0,0.75,https://english.mubasher.info/markets/EGX/stocks/ADCI,272.0,0.75,ALIGNED
2026-10-04T11:18:58.230743+00:00,CNFN.CA,CNFN.CA,Non-bank Financial Services,4.23,1905603.0,7973219.0,Mubasher delayed stock page,Yahoo Finance history + Mubasher delayed current trading data,01:00 PM market time,DELAYED_CURRENT,4.13,4.25,4.11,4.13,2.42,https://english.mubasher.info/markets/EGX/stocks/CNFN,4.13,2.42,ALIGNED
2026-10-04T11:18:58.230743+00:00,ISMA.CA,ISMA.CA,General / Verified EGX Expansion,26.37,278263.0,7209638.5,Mubasher delayed stock page,Yahoo Finance history + Mubasher delayed current trading data,01:02 PM market time,DELAYED_CURRENT,25.4,26.49,25.4,25.4,3.82,https://english.mubasher.info/markets/EGX/stocks/ISMA,25.4,3.82,ALIGNED
2026-10-04T11:18:58.230743+00:00,SPIN.CA,SPIN.CA,Textiles,17.0,255776.0,4339418.0,Mubasher delayed stock page,Yahoo Finance history + Mubasher delayed current trading data,01:01 PM market time,DELAYED_CURRENT,16.46,17.2,16.59,16.46,3.28,https://english.mubasher.info/markets/EGX/stocks/SPIN,16.46,3.28,ALIGNED
2026-10-04T11:18:58.230743+00:00,SVCE.CA,SVCE.CA,General / Verified EGX Expansion,10.85,21624831.0,235580640.0,Mubasher delayed stock page,Yahoo Finance history + Mubasher delayed current trading data,01:03 PM market time,DELAYED_CURRENT_UNALIGNED,10.2,11.19,10.41,10.2,6.37,https://english.mubasher.info/markets/EGX/stocks/SVCE,10.2,6.37,UNALIGNED_BLOCKED
2026-10-04T11:18:58.230743+00:00,FAITA.CA,FAITA.CA,Banking & Financials,0.99,37481.0,37084.82,Mubasher delayed stock page,Yahoo Finance history + Mubasher delayed current trading data,01:01 PM market time,DELAYED_CURRENT,0.98,0.99,0.98,0.98,0.92,https://english.mubasher.info/markets/EGX/stocks/FAITA,0.98,1.02,ALIGNED
2026-10-04T11:18:58.230743+00:00,AALR.CA,AALR.CA,General / Verified EGX Expansion,260.29,25100.0,6579640.5,Mubasher delayed stock page,Yahoo Finance history + Mubasher delayed current trading data,01:02 PM market time,DELAYED_CURRENT,256.21,267.0,257.01,256.21,1.59,https://english.mubasher.info/markets/EGX/stocks/AALR,256.21,1.59,ALIGNED
2026-10-04T11:18:58.230743+00:00,EHDR.CA,EHDR.CA,General / Verified EGX Expansion,2.56,2573421.0,6532368.5,Mubasher delayed stock page,Yahoo Finance history + Mubasher delayed current trading data,01:02 PM market time,DELAYED_CURRENT,2.51,2.57,2.5,2.51,1.99,https://english.mubasher.info/markets/EGX/stocks/EHDR,2.51,1.99,ALIGNED
2026-10-04T11:18:58.230743+00:00,AXPH.CA,AXPH.CA,General / Verified EGX Expansion,1533.88,2222.0,3399725.75,Mubasher delayed stock page,Yahoo Finance history + Mubasher delayed current trading data,01:00 PM market time,DELAYED_CURRENT,1507.07,1547.0,1514.61,1507.07,1.78,https://english.mubasher.info/markets/EGX/stocks/AXPH,1507.07,1.78,ALIGNED
2026-10-04T11:18:58.230743+00:00,ETEL.CA,ETEL.CA,Telecommunications,149.78,2836722.0,414641088.0,Mubasher delayed stock page,Yahoo Finance history + Mubasher delayed current trading data,01:01 PM market time,DELAYED_CURRENT_UNALIGNED,138.71,154.9,139.1,138.71,7.98,https://english.mubasher.info/markets/EGX/stocks/ETEL,138.71,7.98,UNALIGNED_BLOCKED
2026-10-04T11:18:58.230743+00:00,MFSC.CA,MFSC.CA,General / Verified EGX Expansion,46.51,22068.0,1026916.31,Mubasher delayed stock page,Yahoo Finance history + Mubasher delayed current trading data,01:00 PM market time,DELAYED_CURRENT,46.61,47.47,46.01,46.61,-0.21,https://english.mubasher.info/markets/EGX/stocks/MFSC,46.61,0.21,ALIGNED
2026-10-04T11:18:58.230743+00:00,GGCC.CA,GGCC.CA,General / Verified EGX Expansion,0.73,31350924.0,22865374.0,Mubasher delayed stock page,Yahoo Finance history + Mubasher delayed current trading data,01:02 PM market time,DELAYED_CURRENT_UNALIGNED,0.69,0.75,0.7,0.69,5.64,https://english.mubasher.info/markets/EGX/stocks/GGCC,0.69,5.8,UNALIGNED_BLOCKED
2026-10-04T11:18:58.230743+00:00,PHTV.CA,PHTV.CA,General / Verified EGX Expansion,336.49,2458.0,827508.5,Mubasher delayed stock page,Yahoo Finance history + Mubasher delayed current trading data,12:48 PM market time,DELAYED_CURRENT,335.92,360.0,321.44,335.92,0.17,https://english.mubasher.info/markets/EGX/stocks/PHTV,335.92,0.17,ALIGNED
2026-10-04T11:18:58.230743+00:00,UNIT.CA,UNIT.CA,Real Estate,17.63,86023.0,1528679.38,Mubasher delayed stock page,Yahoo Finance history + Mubasher delayed current trading data,12:53 PM market time,DELAYED_CURRENT,17.53,18.0,17.45,17.53,0.57,https://english.mubasher.info/markets/EGX/stocks/UNIT,17.53,0.57,ALIGNED
2026-10-04T11:18:58.230743+00:00,ORAS.CA,ORAS.CA,Industrial Goods & Construction,825.53,163936.0,136477536.0,Mubasher delayed stock page,Yahoo Finance history + Mubasher delayed current trading data,01:01 PM market time,DELAYED_CURRENT_UNALIGNED,819.99,845.0,822.0,819.99,0.68,https://english.mubasher.info/markets/EGX/stocks/ORAS,71.05,1061.9,UNALIGNED_BLOCKED
2026-10-04T11:18:58.230743+00:00,FERC.CA,FERC.CA,Basic Resources & Chemicals,77.0,24392.0,1878668.75,Mubasher delayed stock page,Yahoo Finance history + Mubasher delayed current trading data,01:00 PM market time,DELAYED_CURRENT,76.66,77.45,76.45,76.66,0.44,https://english.mubasher.info/markets/EGX/stocks/FERC,76.66,0.44,ALIGNED
2026-10-04T11:18:58.230743+00:00,GSSC.CA,GSSC.CA,General / Verified EGX Expansion,279.48,2230.0,625252.38,Mubasher delayed stock page,Yahoo Finance history + Mubasher delayed current trading data,01:02 PM market time,DELAYED_CURRENT,272.0,290.0,272.0,272.0,2.75,https://english.mubasher.info/markets/EGX/stocks/GSSC,272.0,2.75,ALIGNED
2026-10-04T11:18:58.230743+00:00,ADPC.CA,ADPC.CA,General / Verified EGX Expansion,3.64,1797156.0,6557180.0,Mubasher delayed stock page,Yahoo Finance history + Mubasher delayed current trading data,01:01 PM market time,DELAYED_CURRENT,3.61,3.69,3.61,3.61,0.83,https://english.mubasher.info/markets/EGX/stocks/ADPC,3.61,0.83,ALIGNED
2026-10-04T11:18:58.230743+00:00,ECAP.CA,ECAP.CA,General / Verified EGX Expansion,30.66,163570.0,5109455.5,Mubasher delayed stock page,Yahoo Finance history + Mubasher delayed current trading data,01:02 PM market time,DELAYED_CURRENT,30.91,31.69,30.62,30.91,-0.81,https://english.mubasher.info/markets/EGX/stocks/ECAP,30.91,0.81,ALIGNED
2026-10-04T11:18:58.230743+00:00,NEDA.CA,NEDA.CA,General / Verified EGX Expansion,2.61,71893.0,187640.72,Yahoo Finance,Yahoo Finance,2026-09-30T21:00:00+00:00,FRESH,,,,,,,,,
2026-10-04T11:18:58.230743+00:00,NAHO.CA,NAHO.CA,General / Verified EGX Expansion,0.13,53674.0,7060.03,Mubasher delayed stock page,Yahoo Finance history + Mubasher delayed current trading data,10:59 AM market time,DELAYED_CURRENT,0.13,0.13,0.13,0.13,0.76,https://english.mubasher.info/markets/EGX/stocks/NAHO,0.13,0.0,ALIGNED
2026-10-04T11:18:58.230743+00:00,AMES.CA,AMES.CA,General / Verified EGX Expansion,50.02,3706502.0,181973296.0,Mubasher delayed stock page,Yahoo Finance history + Mubasher delayed current trading data,01:02 PM market time,DELAYED_CURRENT_UNALIGNED,46.6,51.69,46.0,46.6,7.34,https://english.mubasher.info/markets/EGX/stocks/AMES,46.6,7.34,UNALIGNED_BLOCKED
2026-10-04T11:18:58.230743+00:00,ALUM.CA,ALUM.CA,General / Verified EGX Expansion,24.56,196582.0,4802847.5,Mubasher delayed stock page,Yahoo Finance history + Mubasher delayed current trading data,01:02 PM market time,DELAYED_CURRENT,23.74,25.0,23.72,23.74,3.45,https://english.mubasher.info/markets/EGX/stocks/ALUM,23.74,3.45,ALIGNED
2026-10-04T11:18:58.230743+00:00,APSW.CA,APSW.CA,General / Verified EGX Expansion,8.1,71411.0,578963.94,Mubasher delayed stock page,Yahoo Finance history + Mubasher delayed current trading data,01:02 PM market time,DELAYED_CURRENT,8.23,8.32,8.02,8.23,-1.58,https://english.mubasher.info/markets/EGX/stocks/APSW,8.23,1.58,ALIGNED
2026-10-04T11:18:58.230743+00:00,SCTS.CA,SCTS.CA,Education,556.9,1074.0,594721.63,Mubasher delayed stock page,Yahoo Finance history + Mubasher delayed current trading data,12:46 PM market time,DELAYED_CURRENT,545.15,557.5,540.0,545.15,2.16,https://english.mubasher.info/markets/EGX/stocks/SCTS,545.15,2.16,ALIGNED
2026-10-04T11:18:58.230743+00:00,IFAP.CA,IFAP.CA,Agriculture & Food Production,19.75,177389.0,3510623.0,Mubasher delayed stock page,Yahoo Finance history + Mubasher delayed current trading data,01:01 PM market time,DELAYED_CURRENT,19.33,19.95,19.35,19.33,2.17,https://english.mubasher.info/markets/EGX/stocks/IFAP,19.33,2.17,ALIGNED
2026-10-04T11:18:58.230743+00:00,DOMT.CA,DOMT.CA,"Food, Beverages & Tobacco",25.71,208906.0,5363654.0,Mubasher delayed stock page,Yahoo Finance history + Mubasher delayed current trading data,01:01 PM market time,DELAYED_CURRENT,25.24,25.99,25.25,25.24,1.86,https://english.mubasher.info/markets/EGX/stocks/DOMT,25.24,1.86,ALIGNED
2026-10-04T11:18:58.230743+00:00,PRMH.CA,PRMH.CA,General / Verified EGX Expansion,2.31,1788378.0,4098886.5,Mubasher delayed stock page,Yahoo Finance history + Mubasher delayed current trading data,01:02 PM market time,DELAYED_CURRENT,2.24,2.32,2.26,2.24,3.13,https://english.mubasher.info/markets/EGX/stocks/PRMH,2.24,3.12,ALIGNED
2026-10-04T11:18:58.230743+00:00,WKOL.CA,WKOL.CA,General / Verified EGX Expansion,297.05,15886.0,4737767.0,Mubasher delayed stock page,Yahoo Finance history + Mubasher delayed current trading data,01:03 PM market time,DELAYED_CURRENT,292.14,303.0,294.0,292.14,1.68,https://english.mubasher.info/markets/EGX/stocks/WKOL,292.14,1.68,ALIGNED
2026-10-04T11:18:58.230743+00:00,RTVC.CA,RTVC.CA,General / Verified EGX Expansion,3.63,994578.0,3569563.75,Mubasher delayed stock page,Yahoo Finance history + Mubasher delayed current trading data,01:01 PM market time,DELAYED_CURRENT,3.52,3.64,3.55,3.52,3.13,https://english.mubasher.info/markets/EGX/stocks/RTVC,3.52,3.12,ALIGNED
2026-10-04T11:18:58.230743+00:00,RREI.CA,RREI.CA,General / Verified EGX Expansion,3.9,790849.0,3120273.5,Mubasher delayed stock page,Yahoo Finance history + Mubasher delayed current trading data,01:03 PM market time,DELAYED_CURRENT,3.92,4.01,3.9,3.92,-0.51,https://english.mubasher.info/markets/EGX/stocks/RREI,3.92,0.51,ALIGNED
2026-10-04T11:18:58.230743+00:00,OCPH.CA,OCPH.CA,General / Verified EGX Expansion,234.92,17309.0,4105687.25,Mubasher delayed stock page,Yahoo Finance history + Mubasher delayed current trading data,01:03 PM market time,DELAYED_CURRENT,223.92,244.5,226.9,223.92,4.91,https://english.mubasher.info/markets/EGX/stocks/OCPH,223.92,4.91,ALIGNED
2026-10-04T11:18:58.230743+00:00,EPCO.CA,EPCO.CA,General / Verified EGX Expansion,10.19,300766.0,3058752.75,Mubasher delayed stock page,Yahoo Finance history + Mubasher delayed current trading data,12:54 PM market time,DELAYED_CURRENT,10.0,10.4,10.04,10.0,1.9,https://english.mubasher.info/markets/EGX/stocks/EPCO,10.0,1.9,ALIGNED
2026-10-04T11:18:58.230743+00:00,MOSC.CA,MOSC.CA,General / Verified EGX Expansion,287.39,10415.0,2994523.5,Mubasher delayed stock page,Yahoo Finance history + Mubasher delayed current trading data,01:02 PM market time,DELAYED_CURRENT,282.63,299.98,283.12,282.63,1.68,https://english.mubasher.info/markets/EGX/stocks/MOSC,282.63,1.68,ALIGNED
2026-10-04T11:18:58.230743+00:00,EASB.CA,EASB.CA,General / Verified EGX Expansion,7.93,988997.0,7659108.5,Mubasher delayed stock page,Yahoo Finance history + Mubasher delayed current trading data,01:01 PM market time,DELAYED_CURRENT_UNALIGNED,7.19,8.0,7.25,7.19,10.29,https://english.mubasher.info/markets/EGX/stocks/EASB,7.19,10.29,UNALIGNED_BLOCKED
2026-10-04T11:18:58.230743+00:00,SMFR.CA,SMFR.CA,General / Verified EGX Expansion,229.99,10429.0,2367155.0,Mubasher delayed stock page,Yahoo Finance history + Mubasher delayed current trading data,01:01 PM market time,DELAYED_CURRENT,221.72,230.0,223.26,221.72,3.73,https://english.mubasher.info/markets/EGX/stocks/SMFR,221.72,3.73,ALIGNED
2026-10-04T11:18:58.230743+00:00,RAKT.CA,RAKT.CA,General / Verified EGX Expansion,21.69,17214.0,373634.47,Mubasher delayed stock page,Yahoo Finance history + Mubasher delayed current trading data,01:01 PM market time,DELAYED_CURRENT,21.32,22.0,21.32,21.32,1.74,https://english.mubasher.info/markets/EGX/stocks/RAKT,21.32,1.74,ALIGNED
2026-10-04T11:18:58.230743+00:00,EALR.CA,EALR.CA,General / Verified EGX Expansion,343.2,6346.0,2175380.25,Mubasher delayed stock page,Yahoo Finance history + Mubasher delayed current trading data,01:02 PM market time,DELAYED_CURRENT,334.74,348.8,335.1,334.74,2.53,https://english.mubasher.info/markets/EGX/stocks/EALR,334.74,2.53,ALIGNED
2026-10-04T11:18:58.230743+00:00,ELNA.CA,ELNA.CA,General / Verified EGX Expansion,35.22,3997.0,140774.34,Yahoo Finance,Yahoo Finance,2026-09-30T21:00:00+00:00,FRESH,,,,,,,,,
2026-10-04T11:18:58.230743+00:00,ELWA.CA,ELWA.CA,General / Verified EGX Expansion,1.46,849041.0,1239599.89,Yahoo Finance,Yahoo Finance,2026-09-30T21:00:00+00:00,FRESH,,,,,,,,,
2026-10-04T11:18:58.230743+00:00,MENA.CA,MENA.CA,Real Estate,6.36,198196.0,1259438.63,Mubasher delayed stock page,Yahoo Finance history + Mubasher delayed current trading data,12:22 PM market time,DELAYED_CURRENT,6.26,6.43,6.29,6.26,1.6,https://english.mubasher.info/markets/EGX/stocks/MENA,6.26,1.6,ALIGNED
2026-10-04T11:18:58.230743+00:00,EGSA.CA,EGSA.CA,Telecommunications,8.85,9.0,79.65,Yahoo Finance,Yahoo Finance,2026-09-30T21:00:00+00:00,FRESH,,,,,,,,,
2026-10-04T11:18:58.230743+00:00,SCFM.CA,SCFM.CA,General / Verified EGX Expansion,251.32,4234.0,1065511.5,Mubasher delayed stock page,Yahoo Finance history + Mubasher delayed current trading data,01:01 PM market time,DELAYED_CURRENT,247.9,255.98,248.05,247.9,1.38,https://english.mubasher.info/markets/EGX/stocks/SCFM,247.9,1.38,ALIGNED
2026-10-04T11:18:58.230743+00:00,TRTO.CA,TRTO.CA,General / Verified EGX Expansion,0.05,89682.0,4842.83,Yahoo Finance,Yahoo Finance,2026-09-30T21:00:00+00:00,FRESH,,,,,,,,,
2026-10-04T11:18:58.230743+00:00,GMCI.CA,GMCI.CA,General / Verified EGX Expansion,1.62,197758.0,319001.38,Mubasher delayed stock page,Yahoo Finance history + Mubasher delayed current trading data,12:57 PM market time,DELAYED_CURRENT,1.57,1.64,1.51,1.57,3.18,https://english.mubasher.info/markets/EGX/stocks/GMCI,1.57,3.18,ALIGNED
2026-10-04T11:18:58.230743+00:00,CFGH.CA,CFGH.CA,General / Verified EGX Expansion,0.11,0.0,0.0,Yahoo Finance,Yahoo Finance,2026-09-30T21:00:00+00:00,FRESH,,,,,,,,,
2026-10-04T11:18:58.230743+00:00,EBSC.CA,EBSC.CA,General / Verified EGX Expansion,1.84,1642873.0,3027976.25,Mubasher delayed stock page,Yahoo Finance history + Mubasher delayed current trading data,01:01 PM market time,DELAYED_CURRENT_UNALIGNED,1.75,1.95,1.77,1.75,5.14,https://english.mubasher.info/markets/EGX/stocks/EBSC,1.75,5.14,UNALIGNED_BLOCKED
2026-10-04T11:18:58.230743+00:00,SEIG.CA,SEIG.CA,General / Verified EGX Expansion,239.2,5239.0,1224865.13,Mubasher delayed stock page,Yahoo Finance history + Mubasher delayed current trading data,12:51 PM market time,DELAYED_CURRENT_UNALIGNED,226.76,240.0,222.0,226.76,5.49,https://english.mubasher.info/markets/EGX/stocks/SEIG,226.76,5.49,UNALIGNED_BLOCKED
2026-10-04T11:18:58.230743+00:00,EPPK.CA,EPPK.CA,General / Verified EGX Expansion,10.29,40737.0,419183.72,Mubasher delayed stock page,Yahoo Finance history + Mubasher delayed current trading data,8 September 01:25 PM market time,DELAYED_CURRENT_UNALIGNED,10.83,10.29,10.29,10.83,-4.99,https://english.mubasher.info/markets/EGX/stocks/EPPK,9.78,5.21,UNALIGNED_BLOCKED
