timestamp_utc,Ticker,Sector,Rank_Score,Sector_Rank,Flow_Regime,Market_Risk_Mode,Buy_Ready,Buy_Block_Reasons,Outlook_Label,Outlook_Score,Liquidity_Regime,Sector_Momentum,Risk_Notes,Current_Price,Daily_Liquidity_EGP,Liquidity_Source,Liquidity_Spike,RSI,Support_20D,Resistance_20D,Support_Distance_%,Resistance_Distance_%,Technical_Source_Status
2026-09-27T10:45:41.988704+00:00,MHOT.CA,Tourism & Leisure,32.4,1,MISSING,DEFENSIVE_NO_NEW_BUY,False,flow_or_market_gate=MISSING/DEFENSIVE_NO_NEW_BUY,BULLISH_WATCH,100.0,ACCUMULATION_SPIKE,LEADING,No major short-term scanner risk flags.,19.7,108740624.0,Mubasher delayed stock page,9.91,56.49,16.61,19.5,18.6,-1.02,ALIGNED
2026-09-27T10:45:41.988704+00:00,CIRA.CA,Education,23.04,4,MISSING,DEFENSIVE_NO_NEW_BUY,False,flow_or_market_gate=MISSING/DEFENSIVE_NO_NEW_BUY,CONSTRUCTIVE,65.11,TRADEABLE,IMPROVING,liquidity is cooling; far above support,39.89,11581450.0,Mubasher delayed stock page,0.29,54.94,32.1,41.74,24.27,4.64,ALIGNED
2026-09-27T10:45:41.988704+00:00,ALCN.CA,Transportation & Logistics,22.33,6,MISSING,DEFENSIVE_NO_NEW_BUY,False,flow_or_market_gate=MISSING/DEFENSIVE_NO_NEW_BUY,BULLISH_WATCH,79.33,TRADEABLE,IMPROVING,liquidity is cooling,32.6,11568852.0,Mubasher delayed stock page,0.3,53.19,30.05,34.68,8.49,6.38,ALIGNED
2026-09-27T10:45:41.988704+00:00,CANA.CA,Banking & Financials,22.18,10,MISSING,DEFENSIVE_NO_NEW_BUY,False,flow_or_market_gate=MISSING/DEFENSIVE_NO_NEW_BUY,BULLISH_WATCH,71.41,TRADEABLE,IMPROVING,momentum is extended; sector is not leading,46.67,30854988.0,Mubasher delayed stock page,1.31,65.91,41.35,52.0,12.87,11.42,ALIGNED
2026-09-27T10:45:41.988704+00:00,EXPA.CA,Banking & Financials,21.56,10,MISSING,DEFENSIVE_NO_NEW_BUY,False,flow_or_market_gate=MISSING/DEFENSIVE_NO_NEW_BUY,CONSTRUCTIVE,66.41,TRADEABLE,IMPROVING,liquidity is cooling; sector is not leading,21.47,23509888.0,Mubasher delayed stock page,0.66,45.42,19.96,22.5,7.57,4.8,ALIGNED
2026-09-27T10:45:41.988704+00:00,TALM.CA,Education,21.04,4,MISSING,DEFENSIVE_NO_NEW_BUY,False,flow_or_market_gate=MISSING/DEFENSIVE_NO_NEW_BUY,BULLISH_WATCH,71.11,TRADEABLE,IMPROVING,liquidity is cooling; far above support,20.69,15868733.0,Mubasher delayed stock page,0.24,58.26,17.11,25.7,20.92,24.21,ALIGNED
2026-09-27T10:45:41.988704+00:00,ETEL.CA,Telecommunications,20.4,2,MISSING,DEFENSIVE_NO_NEW_BUY,False,flow_or_market_gate=MISSING/DEFENSIVE_NO_NEW_BUY,CONSTRUCTIVE,62.0,TRADEABLE,LEADING,liquidity is cooling; overheated RSI,133.98,53939064.0,Mubasher delayed stock page,0.19,79.88,112.5,140.0,19.09,4.49,ALIGNED
2026-09-27T10:45:41.988704+00:00,OIH.CA,Investment Holding,20.4,3,MISSING,DEFENSIVE_NO_NEW_BUY,False,flow_or_market_gate=MISSING/DEFENSIVE_NO_NEW_BUY,CONSTRUCTIVE,67.46,TRADEABLE,LEADING,liquidity is cooling; below MA20; momentum is extended,2.08,21802376.0,Mubasher delayed stock page,0.18,63.33,1.98,2.19,5.05,5.29,ALIGNED
2026-09-27T10:45:41.988704+00:00,EGTS.CA,Real Estate,20.09,18,MISSING,DEFENSIVE_NO_NEW_BUY,False,flow_or_market_gate=MISSING/DEFENSIVE_NO_NEW_BUY,CONSTRUCTIVE,68.0,TRADEABLE,LAGGING,momentum is extended; sector is not leading,18.38,37572488.0,Mubasher delayed stock page,1.09,62.03,16.51,19.34,11.33,5.22,ALIGNED
2026-09-27T10:45:41.988704+00:00,MPCO.CA,Agriculture & Food Production,20.07,7,MISSING,DEFENSIVE_NO_NEW_BUY,False,flow_or_market_gate=MISSING/DEFENSIVE_NO_NEW_BUY,CONSTRUCTIVE,68.68,TRADEABLE,IMPROVING,liquidity is cooling; far above support,2.59,125576488.0,Mubasher delayed stock page,0.7,57.69,2.07,3.02,25.12,16.6,ALIGNED
2026-09-27T10:45:41.988704+00:00,MFPC.CA,Basic Resources & Chemicals,19.54,11,MISSING,DEFENSIVE_NO_NEW_BUY,False,flow_or_market_gate=MISSING/DEFENSIVE_NO_NEW_BUY,CONSTRUCTIVE,66.34,TRADEABLE,IMPROVING,liquidity is cooling; sector is not leading,46.9,19676296.0,Mubasher delayed stock page,0.11,54.36,39.71,51.3,18.11,9.38,ALIGNED
2026-09-27T10:45:41.988704+00:00,EGCH.CA,Basic Resources & Chemicals,19.54,11,MISSING,DEFENSIVE_NO_NEW_BUY,False,flow_or_market_gate=MISSING/DEFENSIVE_NO_NEW_BUY,BULLISH_WATCH,72.34,TRADEABLE,IMPROVING,liquidity is cooling; sector is not leading,14.07,89775928.0,Mubasher delayed stock page,0.69,49.25,13.53,14.83,3.99,5.4,ALIGNED
2026-09-27T10:45:41.988704+00:00,CCAP.CA,Investment Holding,19.4,3,MISSING,DEFENSIVE_NO_NEW_BUY,False,flow_or_market_gate=MISSING/DEFENSIVE_NO_NEW_BUY,CONSTRUCTIVE,61.46,TRADEABLE,LEADING,liquidity is cooling; overheated RSI; far above support,6.91,414836224.0,Mubasher delayed stock page,0.48,75.61,5.74,7.32,20.38,5.93,ALIGNED
2026-09-27T10:45:41.988704+00:00,AMOC.CA,Energy & Petrochemicals,18.84,5,MISSING,DEFENSIVE_NO_NEW_BUY,False,flow_or_market_gate=MISSING/DEFENSIVE_NO_NEW_BUY,CONSTRUCTIVE,56.6,TRADEABLE,IMPROVING,liquidity is cooling; below MA20,13.12,36780128.0,Mubasher delayed stock page,0.22,48.22,11.0,14.63,19.27,11.51,ALIGNED
2026-09-27T10:45:41.988704+00:00,EGSA.CA,Telecommunications,18.5,2,MISSING,DEFENSIVE_NO_NEW_BUY,False,flow_or_market_gate=MISSING/DEFENSIVE_NO_NEW_BUY;liquidity_below_min,CONSTRUCTIVE,66.0,THIN,LEADING,liquidity below minimum; close to resistance,9.0,100936.9,Mubasher delayed stock page,15.36,43.75,8.8,9.1,2.27,1.11,ALIGNED
2026-09-27T10:45:41.988704+00:00,DTPP.CA,General / Verified EGX Expansion,18.15,17,MISSING,DEFENSIVE_NO_NEW_BUY,False,flow_or_market_gate=MISSING/DEFENSIVE_NO_NEW_BUY,BULLISH_WATCH,71.0,TRADEABLE,LAGGING,liquidity is cooling; sector is not leading,323.47,25378116.0,Mubasher delayed stock page,0.3,57.15,296.0,380.0,9.28,17.48,ALIGNED
2026-09-27T10:45:41.988704+00:00,GIHD.CA,General / Verified EGX Expansion,18.15,17,MISSING,DEFENSIVE_NO_NEW_BUY,False,flow_or_market_gate=MISSING/DEFENSIVE_NO_NEW_BUY,CONSTRUCTIVE,65.0,TRADEABLE,LAGGING,liquidity is cooling; sector is not leading,74.0,22602958.0,Mubasher delayed stock page,0.74,61.07,63.1,79.9,17.27,7.97,ALIGNED
2026-09-27T10:45:41.988704+00:00,NCCW.CA,General / Verified EGX Expansion,18.15,17,MISSING,DEFENSIVE_NO_NEW_BUY,False,flow_or_market_gate=MISSING/DEFENSIVE_NO_NEW_BUY,CONSTRUCTIVE,61.0,TRADEABLE,LAGGING,liquidity is cooling; far above support; sector is not leading,7.19,18253276.0,Mubasher delayed stock page,0.24,60.26,5.77,8.85,24.61,23.09,ALIGNED
2026-09-27T10:45:41.988704+00:00,ABUK.CA,Basic Resources & Chemicals,17.54,11,MISSING,DEFENSIVE_NO_NEW_BUY,False,flow_or_market_gate=MISSING/DEFENSIVE_NO_NEW_BUY,NEUTRAL,48.34,TRADEABLE,IMPROVING,liquidity is cooling; below MA20; sector is not leading,88.97,27373336.0,Mubasher delayed stock page,0.15,55.49,76.01,96.29,17.05,8.23,ALIGNED
2026-09-27T10:45:41.988704+00:00,EGAL.CA,Basic Resources & Chemicals,17.54,11,MISSING,DEFENSIVE_NO_NEW_BUY,False,flow_or_market_gate=MISSING/DEFENSIVE_NO_NEW_BUY,WEAK_OR_RISKY,32.34,TRADEABLE,IMPROVING,liquidity is cooling; below MA20; overheated RSI; sector is not leading,355.46,10994850.0,Mubasher delayed stock page,0.15,38.49,340.0,395.0,4.55,11.12,ALIGNED
2026-09-27T10:45:41.988704+00:00,ATQA.CA,Basic Resources & Chemicals,17.54,11,MISSING,DEFENSIVE_NO_NEW_BUY,False,flow_or_market_gate=MISSING/DEFENSIVE_NO_NEW_BUY,CONSTRUCTIVE,54.34,TRADEABLE,IMPROVING,liquidity is cooling; below MA20; sector is not leading,12.56,58381060.0,Mubasher delayed stock page,0.56,52.85,11.56,13.7,8.65,9.08,ALIGNED
2026-09-27T10:45:41.988704+00:00,AJWA.CA,General / Verified EGX Expansion,17.15,17,MISSING,DEFENSIVE_NO_NEW_BUY,False,flow_or_market_gate=MISSING/DEFENSIVE_NO_NEW_BUY;below_MA50,NEUTRAL,41.0,TRADEABLE,LAGGING,liquidity is cooling; below MA50; momentum is extended; sector is not leading,181.95,13823182.0,Mubasher delayed stock page,0.31,63.11,175.15,199.0,3.88,9.37,ALIGNED
2026-09-27T10:45:41.988704+00:00,HDBK.CA,Banking & Financials,16.56,10,MISSING,DEFENSIVE_NO_NEW_BUY,False,flow_or_market_gate=MISSING/DEFENSIVE_NO_NEW_BUY,NEUTRAL,43.41,TRADEABLE,IMPROVING,liquidity is cooling; below MA20; sector is not leading,109.45,10992902.0,Mubasher delayed stock page,0.18,40.67,95.51,124.0,14.6,13.29,ALIGNED
2026-09-27T10:45:41.988704+00:00,SAUD.CA,Banking & Financials,16.56,10,MISSING,DEFENSIVE_NO_NEW_BUY,False,flow_or_market_gate=MISSING/DEFENSIVE_NO_NEW_BUY;below_MA50,WEAK_OR_RISKY,26.41,TRADEABLE,IMPROVING,liquidity is cooling; below MA20; below MA50; sector is not leading,22.7,13298006.0,Mubasher delayed stock page,0.66,44.31,22.7,26.35,0.0,16.08,ALIGNED
2026-09-27T10:45:41.988704+00:00,KZPC.CA,General / Verified EGX Expansion,16.41,17,MISSING,DEFENSIVE_NO_NEW_BUY,False,flow_or_market_gate=MISSING/DEFENSIVE_NO_NEW_BUY,BULLISH_WATCH,71.0,TRADEABLE,LAGGING,liquidity is cooling; sector is not leading,13.8,8257076.0,Mubasher delayed stock page,0.26,61.15,12.6,14.89,9.52,7.9,ALIGNED
2026-09-27T10:45:41.988704+00:00,AMIA.CA,General / Verified EGX Expansion,16.15,17,MISSING,DEFENSIVE_NO_NEW_BUY,False,flow_or_market_gate=MISSING/DEFENSIVE_NO_NEW_BUY,CONSTRUCTIVE,53.0,TRADEABLE,LAGGING,liquidity is cooling; below MA20; sector is not leading,18.66,20014528.0,Mubasher delayed stock page,0.57,44.26,17.12,21.5,9.0,15.22,ALIGNED
2026-09-27T10:45:41.988704+00:00,COPR.CA,General / Verified EGX Expansion,16.11,17,MISSING,DEFENSIVE_NO_NEW_BUY,False,flow_or_market_gate=MISSING/DEFENSIVE_NO_NEW_BUY,CONSTRUCTIVE,53.0,TRADEABLE,LAGGING,liquidity is cooling; below MA20; sector is not leading,0.48,9962727.0,Mubasher delayed stock page,0.29,40.94,0.46,0.55,4.35,14.58,ALIGNED
2026-09-27T10:45:41.988704+00:00,GBCO.CA,Automotive & Distribution,15.9,13,MISSING,DEFENSIVE_NO_NEW_BUY,False,flow_or_market_gate=MISSING/DEFENSIVE_NO_NEW_BUY;below_MA50,WEAK_OR_RISKY,31.0,TRADEABLE,LAGGING,liquidity is cooling; below MA20; below MA50; sector is not leading,30.0,32612764.0,Mubasher delayed stock page,0.45,54.78,27.0,32.0,11.11,6.67,ALIGNED
2026-09-27T10:45:41.988704+00:00,BINV.CA,Investment Holding,15.84,3,MISSING,DEFENSIVE_NO_NEW_BUY,False,flow_or_market_gate=MISSING/DEFENSIVE_NO_NEW_BUY,BULLISH_WATCH,79.46,TRADEABLE,LEADING,liquidity is cooling; momentum is extended,57.07,3438687.75,Mubasher delayed stock page,0.13,65.76,48.04,72.99,18.8,27.9,ALIGNED
2026-09-27T10:45:41.988704+00:00,ADIB.CA,Banking & Financials,14.56,10,MISSING,DEFENSIVE_NO_NEW_BUY,False,flow_or_market_gate=MISSING/DEFENSIVE_NO_NEW_BUY;below_MA50,WEAK_OR_RISKY,32.41,TRADEABLE,IMPROVING,liquidity is cooling; below MA20; below MA50; sector is not leading,51.22,23066102.0,Mubasher delayed stock page,0.27,41.07,49.0,55.04,4.53,7.46,ALIGNED
2026-09-27T10:45:41.988704+00:00,ACGC.CA,Textiles,14.11,12,MISSING,DEFENSIVE_NO_NEW_BUY,False,flow_or_market_gate=MISSING/DEFENSIVE_NO_NEW_BUY,WEAK_OR_RISKY,31.11,TRADEABLE,IMPROVING,liquidity is cooling; below MA20; overheated RSI; sector is not leading,13.95,7068564.0,Mubasher delayed stock page,0.28,39.67,13.65,16.09,2.2,15.34,ALIGNED
2026-09-27T10:45:41.988704+00:00,SNFC.CA,General / Verified EGX Expansion,13.69,17,MISSING,DEFENSIVE_NO_NEW_BUY,False,flow_or_market_gate=MISSING/DEFENSIVE_NO_NEW_BUY,NEUTRAL,39.0,TRADEABLE,LAGGING,liquidity is cooling; overheated RSI; close to resistance; sector is not leading,11.51,6545294.5,Mubasher delayed stock page,0.46,77.78,10.26,11.71,12.18,1.74,ALIGNED
2026-09-27T10:45:41.988704+00:00,EFIH.CA,Fintech & Payments,13.56,14,MISSING,DEFENSIVE_NO_NEW_BUY,False,flow_or_market_gate=MISSING/DEFENSIVE_NO_NEW_BUY;below_MA50,WEAK_OR_RISKY,25.0,TRADEABLE,LAGGING,liquidity is cooling; below MA20; below MA50; sector is not leading,23.0,19763438.0,Mubasher delayed stock page,0.33,43.39,22.16,24.09,3.79,4.74,ALIGNED
2026-09-27T10:45:41.988704+00:00,EFID.CA,"Food, Beverages & Tobacco",13.52,15,MISSING,DEFENSIVE_NO_NEW_BUY,False,flow_or_market_gate=MISSING/DEFENSIVE_NO_NEW_BUY;below_MA50,WEAK_OR_RISKY,31.0,TRADEABLE,LAGGING,liquidity is cooling; below MA20; below MA50; sector is not leading,29.53,37610212.0,Mubasher delayed stock page,0.54,43.21,28.56,32.47,3.4,9.96,ALIGNED
2026-09-27T10:45:41.988704+00:00,EPCO.CA,General / Verified EGX Expansion,13.15,17,MISSING,DEFENSIVE_NO_NEW_BUY,False,flow_or_market_gate=MISSING/DEFENSIVE_NO_NEW_BUY;below_MA50,WEAK_OR_RISKY,3.0,TRADEABLE,LAGGING,liquidity is cooling; below MA20; below MA50; overheated RSI,10.36,10441532.0,Mubasher delayed stock page,0.7,39.83,10.3,12.59,0.58,21.53,ALIGNED
2026-09-27T10:45:41.988704+00:00,LUTS.CA,General / Verified EGX Expansion,13.15,17,MISSING,DEFENSIVE_NO_NEW_BUY,False,flow_or_market_gate=MISSING/DEFENSIVE_NO_NEW_BUY;below_MA50,WEAK_OR_RISKY,19.0,TRADEABLE,LAGGING,liquidity is cooling; below MA20; below MA50; sector is not leading,0.83,17153184.0,Mubasher delayed stock page,0.14,40.45,0.82,1.26,1.22,51.81,ALIGNED
2026-09-27T10:45:41.988704+00:00,HELI.CA,Real Estate,12.91,18,MISSING,DEFENSIVE_NO_NEW_BUY,False,flow_or_market_gate=MISSING/DEFENSIVE_NO_NEW_BUY;below_MA50,WEAK_OR_RISKY,31.0,TRADEABLE,LAGGING,liquidity is cooling; below MA20; below MA50; sector is not leading,7.82,49030884.0,Mubasher delayed stock page,0.29,40.78,7.59,8.77,3.03,12.15,ALIGNED
2026-09-27T10:45:41.988704+00:00,ORHD.CA,Real Estate,12.91,18,MISSING,DEFENSIVE_NO_NEW_BUY,False,flow_or_market_gate=MISSING/DEFENSIVE_NO_NEW_BUY;below_MA50,WEAK_OR_RISKY,9.0,TRADEABLE,LAGGING,liquidity is cooling; below MA20; below MA50; overheated RSI,40.07,93735616.0,Mubasher delayed stock page,0.56,36.11,39.1,44.0,2.48,9.81,ALIGNED
2026-09-27T10:45:41.988704+00:00,AMER.CA,Real Estate,12.91,18,MISSING,DEFENSIVE_NO_NEW_BUY,False,flow_or_market_gate=MISSING/DEFENSIVE_NO_NEW_BUY;below_MA50,WEAK_OR_RISKY,31.0,TRADEABLE,LAGGING,liquidity is cooling; below MA20; below MA50; sector is not leading,4.96,13546532.0,Mubasher delayed stock page,0.26,40.09,4.8,6.69,3.33,34.88,ALIGNED
2026-09-27T10:45:41.988704+00:00,MOIL.CA,Energy & Petrochemicals,12.86,5,MISSING,DEFENSIVE_NO_NEW_BUY,False,flow_or_market_gate=MISSING/DEFENSIVE_NO_NEW_BUY;liquidity_below_min,WEAK_OR_RISKY,25.6,THIN,IMPROVING,liquidity below minimum; liquidity is cooling; overheated RSI,0.7,24454.85,Mubasher delayed stock page,0.09,73.02,0.67,0.72,4.48,2.86,ALIGNED
2026-09-27T10:45:41.988704+00:00,ROTO.CA,General / Verified EGX Expansion,12.75,17,MISSING,DEFENSIVE_NO_NEW_BUY,False,flow_or_market_gate=MISSING/DEFENSIVE_NO_NEW_BUY;below_MA50,WEAK_OR_RISKY,22.0,ACCUMULATION_SPIKE,LAGGING,below MA20; below MA50; weak RSI; sector is not leading,40.75,22636522.0,Mubasher delayed stock page,3.3,22.95,35.02,45.98,16.36,12.83,ALIGNED
2026-09-27T10:45:41.988704+00:00,RMDA.CA,Healthcare,12.7,20,MISSING,DEFENSIVE_NO_NEW_BUY,False,flow_or_market_gate=MISSING/DEFENSIVE_NO_NEW_BUY;below_MA50,WEAK_OR_RISKY,3.0,TRADEABLE,LAGGING,liquidity is cooling; below MA20; below MA50; overheated RSI,5.66,20820756.0,Mubasher delayed stock page,0.35,37.78,5.61,6.55,0.89,15.72,ALIGNED
2026-09-27T10:45:41.988704+00:00,NIPH.CA,Healthcare,12.7,20,MISSING,DEFENSIVE_NO_NEW_BUY,False,flow_or_market_gate=MISSING/DEFENSIVE_NO_NEW_BUY;below_MA50,WEAK_OR_RISKY,31.0,TRADEABLE,LAGGING,liquidity is cooling; below MA20; below MA50; sector is not leading,319.43,41664328.0,Mubasher delayed stock page,0.28,42.61,290.0,401.0,10.15,25.54,ALIGNED
2026-09-27T10:45:41.988704+00:00,EOSB.CA,General / Verified EGX Expansion,12.63,17,MISSING,DEFENSIVE_NO_NEW_BUY,False,flow_or_market_gate=MISSING/DEFENSIVE_NO_NEW_BUY;liquidity_below_min,NEUTRAL,37.0,THIN,LAGGING,liquidity below minimum; below MA20; sector is not leading,1.57,218437.25,Yahoo Finance,3.13,50.0,1.53,1.64,2.61,4.46,
2026-09-27T10:45:41.988704+00:00,ORWE.CA,Textiles,12.04,12,MISSING,DEFENSIVE_NO_NEW_BUY,False,flow_or_market_gate=MISSING/DEFENSIVE_NO_NEW_BUY,WEAK_OR_RISKY,33.11,TRADEABLE,IMPROVING,liquidity is cooling; below MA20; weak RSI; sector is not leading,27.25,28712150.0,Mubasher delayed stock page,0.51,34.78,25.6,29.41,6.45,7.93,ALIGNED
2026-09-27T10:45:41.988704+00:00,ICID.CA,General / Verified EGX Expansion,11.91,17,MISSING,DEFENSIVE_NO_NEW_BUY,False,flow_or_market_gate=MISSING/DEFENSIVE_NO_NEW_BUY,CONSTRUCTIVE,53.0,TRADEABLE,LAGGING,liquidity is cooling; below MA20; sector is not leading,17.34,5764175.0,Mubasher delayed stock page,0.59,48.55,16.2,19.3,7.04,11.3,ALIGNED
2026-09-27T10:45:41.988704+00:00,MICH.CA,General / Verified EGX Expansion,11.86,17,MISSING,DEFENSIVE_NO_NEW_BUY,False,flow_or_market_gate=MISSING/DEFENSIVE_NO_NEW_BUY;below_MA50,WEAK_OR_RISKY,31.0,TRADEABLE,LAGGING,liquidity is cooling; below MA20; below MA50; sector is not leading,46.8,8714678.0,Mubasher delayed stock page,0.64,40.58,45.77,52.9,2.25,13.03,ALIGNED
2026-09-27T10:45:41.988704+00:00,SPMD.CA,General / Verified EGX Expansion,11.62,17,MISSING,DEFENSIVE_NO_NEW_BUY,False,flow_or_market_gate=MISSING/DEFENSIVE_NO_NEW_BUY;below_MA50,WEAK_OR_RISKY,14.0,TRADEABLE,LAGGING,liquidity is cooling; below MA20; below MA50; sector is not leading,0.4,9467703.0,Mubasher delayed stock page,0.12,42.28,0.4,0.62,0.0,55.0,ALIGNED
2026-09-27T10:45:41.988704+00:00,AXPH.CA,General / Verified EGX Expansion,11.24,17,MISSING,DEFENSIVE_NO_NEW_BUY,False,flow_or_market_gate=MISSING/DEFENSIVE_NO_NEW_BUY,CONSTRUCTIVE,53.0,TRADEABLE,LAGGING,liquidity is cooling; below MA20; sector is not leading,1617.66,5091260.5,Mubasher delayed stock page,0.69,44.43,1580.0,1750.0,2.38,8.18,ALIGNED
2026-09-27T10:45:41.988704+00:00,GTWL.CA,General / Verified EGX Expansion,11.15,17,MISSING,DEFENSIVE_NO_NEW_BUY,False,flow_or_market_gate=MISSING/DEFENSIVE_NO_NEW_BUY,WEAK_OR_RISKY,33.0,TRADEABLE,LAGGING,liquidity is cooling; below MA20; weak RSI; sector is not leading,216.43,57977976.0,Mubasher delayed stock page,0.38,34.17,210.0,248.84,3.06,14.97,ALIGNED
2026-09-27T10:45:41.988704+00:00,MOIN.CA,General / Verified EGX Expansion,11.15,17,MISSING,DEFENSIVE_NO_NEW_BUY,False,flow_or_market_gate=MISSING/DEFENSIVE_NO_NEW_BUY,NEUTRAL,38.0,TRADEABLE,LAGGING,below MA20; weak RSI; sector is not leading,35.58,23656826.0,Mubasher delayed stock page,0.82,26.15,32.5,45.99,9.48,29.26,ALIGNED
2026-09-27T10:45:41.988704+00:00,MPCI.CA,General / Verified EGX Expansion,11.15,17,MISSING,DEFENSIVE_NO_NEW_BUY,False,flow_or_market_gate=MISSING/DEFENSIVE_NO_NEW_BUY,NEUTRAL,38.0,TRADEABLE,LAGGING,below MA20; weak RSI; sector is not leading,371.28,121259184.0,Mubasher delayed stock page,0.88,26.37,363.63,490.86,2.1,32.21,ALIGNED
2026-09-27T10:45:41.988704+00:00,CPCI.CA,General / Verified EGX Expansion,11.01,17,MISSING,DEFENSIVE_NO_NEW_BUY,False,flow_or_market_gate=MISSING/DEFENSIVE_NO_NEW_BUY,NEUTRAL,48.0,TRADEABLE,LAGGING,overheated RSI; sector is not leading,560.43,2863529.75,Mubasher delayed stock page,0.94,71.71,530.0,584.99,5.74,4.38,ALIGNED
2026-09-27T10:45:41.988704+00:00,EEII.CA,General / Verified EGX Expansion,10.99,17,MISSING,DEFENSIVE_NO_NEW_BUY,False,flow_or_market_gate=MISSING/DEFENSIVE_NO_NEW_BUY;below_MA50,WEAK_OR_RISKY,26.0,TRADEABLE,LAGGING,liquidity is cooling; below MA20; below MA50; sector is not leading,2.28,6841302.0,Mubasher delayed stock page,0.46,49.33,2.15,2.65,6.05,16.23,ALIGNED
2026-09-27T10:45:41.988704+00:00,EMFD.CA,Real Estate,10.91,18,MISSING,DEFENSIVE_NO_NEW_BUY,False,flow_or_market_gate=MISSING/DEFENSIVE_NO_NEW_BUY,WEAK_OR_RISKY,33.0,TRADEABLE,LAGGING,liquidity is cooling; below MA20; weak RSI; sector is not leading,13.04,29277380.0,Mubasher delayed stock page,0.19,26.82,12.2,15.3,6.89,17.33,ALIGNED
2026-09-27T10:45:41.988704+00:00,IRON.CA,Basic Resources & Chemicals,10.91,11,MISSING,DEFENSIVE_NO_NEW_BUY,False,flow_or_market_gate=MISSING/DEFENSIVE_NO_NEW_BUY;below_MA50,WEAK_OR_RISKY,5.34,TRADEABLE,IMPROVING,liquidity is cooling; below MA20; below MA50; overheated RSI,27.48,5372373.0,Mubasher delayed stock page,0.39,35.47,26.3,31.14,4.49,13.32,ALIGNED
2026-09-27T10:45:41.988704+00:00,KABO.CA,Textiles,10.85,12,MISSING,DEFENSIVE_NO_NEW_BUY,False,flow_or_market_gate=MISSING/DEFENSIVE_NO_NEW_BUY;below_MA50,WEAK_OR_RISKY,25.11,TRADEABLE,IMPROVING,liquidity is cooling; below MA20; below MA50; sector is not leading,8.82,6810693.0,Mubasher delayed stock page,0.17,46.72,8.78,10.17,0.46,15.31,ALIGNED
2026-09-27T10:45:41.988704+00:00,MILS.CA,General / Verified EGX Expansion,10.64,17,MISSING,DEFENSIVE_NO_NEW_BUY,False,flow_or_market_gate=MISSING/DEFENSIVE_NO_NEW_BUY;below_MA50,WEAK_OR_RISKY,3.0,TRADEABLE,LAGGING,liquidity is cooling; below MA20; below MA50; overheated RSI,183.45,7495788.0,Mubasher delayed stock page,0.37,36.42,180.01,232.8,1.91,26.9,ALIGNED
2026-09-27T10:45:41.988704+00:00,SIPC.CA,General / Verified EGX Expansion,10.62,17,MISSING,DEFENSIVE_NO_NEW_BUY,False,flow_or_market_gate=MISSING/DEFENSIVE_NO_NEW_BUY,WEAK_OR_RISKY,33.0,TRADEABLE,LAGGING,liquidity is cooling; below MA20; weak RSI; sector is not leading,5.0,9474267.0,Mubasher delayed stock page,0.13,27.13,4.77,7.28,4.82,45.6,ALIGNED
2026-09-27T10:45:41.988704+00:00,MPRC.CA,General / Verified EGX Expansion,10.14,17,MISSING,DEFENSIVE_NO_NEW_BUY,False,flow_or_market_gate=MISSING/DEFENSIVE_NO_NEW_BUY;below_MA50,WEAK_OR_RISKY,9.0,TRADEABLE,LAGGING,liquidity is cooling; below MA20; below MA50; overheated RSI,38.76,6987494.5,Mubasher delayed stock page,0.19,35.29,37.65,46.15,2.95,19.07,ALIGNED
2026-09-27T10:45:41.988704+00:00,ENGC.CA,General / Verified EGX Expansion,9.92,17,MISSING,DEFENSIVE_NO_NEW_BUY,False,flow_or_market_gate=MISSING/DEFENSIVE_NO_NEW_BUY;below_MA50,WEAK_OR_RISKY,9.0,TRADEABLE,LAGGING,liquidity is cooling; below MA20; below MA50; overheated RSI,40.58,6769151.5,Mubasher delayed stock page,0.38,36.82,39.11,47.0,3.76,15.82,ALIGNED
2026-09-27T10:45:41.988704+00:00,MIPH.CA,Healthcare,9.88,20,MISSING,DEFENSIVE_NO_NEW_BUY,False,flow_or_market_gate=MISSING/DEFENSIVE_NO_NEW_BUY;below_MA50,WEAK_OR_RISKY,25.0,TRADEABLE,LAGGING,liquidity is cooling; below MA20; below MA50; sector is not leading,790.92,5183524.0,Mubasher delayed stock page,0.55,50.76,700.2,1000.0,12.96,26.44,ALIGNED
2026-09-27T10:45:41.988704+00:00,COMI.CA,Banking & Financials,9.56,10,MISSING,DEFENSIVE_NO_NEW_BUY,False,flow_or_market_gate=MISSING/DEFENSIVE_NO_NEW_BUY;below_MA50,WEAK_OR_RISKY,6.41,TRADEABLE,IMPROVING,liquidity is cooling; below MA20; below MA50; weak RSI,128.59,104935176.0,Mubasher delayed stock page,0.17,14.02,126.81,142.8,1.4,11.05,ALIGNED
2026-09-27T10:45:41.988704+00:00,ISMQ.CA,Basic Resources & Chemicals,9.54,11,MISSING,DEFENSIVE_NO_NEW_BUY,False,flow_or_market_gate=MISSING/DEFENSIVE_NO_NEW_BUY;below_MA50,WEAK_OR_RISKY,6.34,TRADEABLE,IMPROVING,liquidity is cooling; below MA20; below MA50; weak RSI,8.38,10079373.0,Mubasher delayed stock page,0.41,24.36,8.35,9.66,0.36,15.27,ALIGNED
2026-09-27T10:45:41.988704+00:00,FAIT.CA,Banking & Financials,9.5,10,MISSING,DEFENSIVE_NO_NEW_BUY,False,flow_or_market_gate=MISSING/DEFENSIVE_NO_NEW_BUY,NEUTRAL,48.41,TRADEABLE,IMPROVING,liquidity is cooling; below MA20; sector is not leading,44.89,1938764.13,Mubasher delayed stock page,0.31,51.75,38.48,48.35,16.66,7.71,ALIGNED
2026-09-27T10:45:41.988704+00:00,EGAS.CA,Energy & Petrochemicals,9.36,5,MISSING,DEFENSIVE_NO_NEW_BUY,False,flow_or_market_gate=MISSING/DEFENSIVE_NO_NEW_BUY;price_not_fresh;below_MA50,WEAK_OR_RISKY,0.0,ACCUMULATION_SPIKE,IMPROVING,current price/Yahoo history mismatch; technicals blocked; price data is not fresh; below MA20,58.8,33504626.0,Mubasher delayed stock page,2.76,50.0,55.7,60.45,5.57,2.81,UNALIGNED_BLOCKED
2026-09-27T10:45:41.988704+00:00,PHTV.CA,General / Verified EGX Expansion,9.11,17,MISSING,DEFENSIVE_NO_NEW_BUY,False,flow_or_market_gate=MISSING/DEFENSIVE_NO_NEW_BUY;liquidity_below_min,WEAK_OR_RISKY,30.0,THIN,LAGGING,liquidity below minimum; liquidity is cooling; sector is not leading,354.91,960640.5,Mubasher delayed stock page,0.58,44.14,311.27,378.89,14.02,6.76,ALIGNED
2026-09-27T10:45:41.988704+00:00,WCDF.CA,General / Verified EGX Expansion,9.03,17,MISSING,DEFENSIVE_NO_NEW_BUY,False,flow_or_market_gate=MISSING/DEFENSIVE_NO_NEW_BUY,CONSTRUCTIVE,53.0,TRADEABLE,LAGGING,liquidity is cooling; below MA20; sector is not leading,666.73,2878121.0,Mubasher delayed stock page,0.55,52.17,640.0,796.0,4.18,19.39,ALIGNED
2026-09-27T10:45:41.988704+00:00,IDRE.CA,General / Verified EGX Expansion,8.93,17,MISSING,DEFENSIVE_NO_NEW_BUY,False,flow_or_market_gate=MISSING/DEFENSIVE_NO_NEW_BUY;below_MA50,WEAK_OR_RISKY,25.0,TRADEABLE,LAGGING,liquidity is cooling; below MA20; below MA50; sector is not leading,49.54,5779072.5,Mubasher delayed stock page,0.34,42.04,51.0,59.7,-2.86,20.51,ALIGNED
2026-09-27T10:45:41.988704+00:00,SUGR.CA,"Food, Beverages & Tobacco",8.84,15,MISSING,DEFENSIVE_NO_NEW_BUY,False,flow_or_market_gate=MISSING/DEFENSIVE_NO_NEW_BUY,CONSTRUCTIVE,53.0,TRADEABLE,LAGGING,liquidity is cooling; below MA20; sector is not leading,56.23,2325783.0,Mubasher delayed stock page,0.07,41.74,55.06,64.44,2.12,14.6,ALIGNED
2026-09-27T10:45:41.988704+00:00,ACAMD.CA,General / Verified EGX Expansion,8.65,17,MISSING,DEFENSIVE_NO_NEW_BUY,False,flow_or_market_gate=MISSING/DEFENSIVE_NO_NEW_BUY;below_MA50,WEAK_OR_RISKY,10.0,TRADEABLE,LAGGING,below MA20; below MA50; weak RSI; sector is not leading,1.97,60910964.0,Mubasher delayed stock page,1.25,12.82,1.94,2.25,1.55,14.21,ALIGNED
2026-09-27T10:45:41.988704+00:00,EHDR.CA,General / Verified EGX Expansion,8.59,17,MISSING,DEFENSIVE_NO_NEW_BUY,False,flow_or_market_gate=MISSING/DEFENSIVE_NO_NEW_BUY;below_MA50,WEAK_OR_RISKY,16.0,TRADEABLE,LAGGING,below MA20; below MA50; weak RSI; sector is not leading,2.59,20859134.0,Mubasher delayed stock page,1.22,14.75,2.44,3.05,6.15,17.76,ALIGNED
2026-09-27T10:45:41.988704+00:00,FWRY.CA,Fintech & Payments,8.56,14,MISSING,DEFENSIVE_NO_NEW_BUY,False,flow_or_market_gate=MISSING/DEFENSIVE_NO_NEW_BUY;below_MA50,WEAK_OR_RISKY,11.0,TRADEABLE,LAGGING,liquidity is cooling; below MA20; below MA50; weak RSI,18.77,29477114.0,Mubasher delayed stock page,0.23,25.35,17.5,19.78,7.26,5.38,ALIGNED
2026-09-27T10:45:41.988704+00:00,SKPC.CA,Basic Resources & Chemicals,8.54,11,MISSING,DEFENSIVE_NO_NEW_BUY,False,flow_or_market_gate=MISSING/DEFENSIVE_NO_NEW_BUY;below_MA50,WEAK_OR_RISKY,1.34,TRADEABLE,IMPROVING,liquidity is cooling; below MA20; below MA50; weak RSI,16.74,47585672.0,Mubasher delayed stock page,0.35,28.33,16.8,19.36,-0.36,15.65,ALIGNED
2026-09-27T10:45:41.988704+00:00,POUL.CA,"Food, Beverages & Tobacco",8.52,15,MISSING,DEFENSIVE_NO_NEW_BUY,False,flow_or_market_gate=MISSING/DEFENSIVE_NO_NEW_BUY;price_not_fresh;below_MA50,WEAK_OR_RISKY,0.0,ACCUMULATION_SPIKE,LAGGING,current price/Yahoo history mismatch; technicals blocked; price data is not fresh; below MA20; sector is not leading,10.23,151878896.0,Mubasher delayed stock page,5.89,50.0,10.2,12.43,0.29,21.51,UNALIGNED_BLOCKED
2026-09-27T10:45:41.988704+00:00,AALR.CA,General / Verified EGX Expansion,8.36,17,MISSING,DEFENSIVE_NO_NEW_BUY,False,flow_or_market_gate=MISSING/DEFENSIVE_NO_NEW_BUY;below_MA50,WEAK_OR_RISKY,3.0,TRADEABLE,LAGGING,liquidity is cooling; below MA20; below MA50; overheated RSI,277.62,5214678.5,Mubasher delayed stock page,0.21,39.64,277.0,359.9,0.22,29.64,ALIGNED
2026-09-27T10:45:41.988704+00:00,IFAP.CA,Agriculture & Food Production,8.27,7,MISSING,DEFENSIVE_NO_NEW_BUY,False,flow_or_market_gate=MISSING/DEFENSIVE_NO_NEW_BUY;below_MA50,WEAK_OR_RISKY,16.68,TRADEABLE,IMPROVING,liquidity is cooling; below MA20; below MA50; overheated RSI,20.03,3199635.75,Mubasher delayed stock page,0.15,36.87,19.05,23.2,5.14,15.83,ALIGNED
2026-09-27T10:45:41.988704+00:00,MASR.CA,General / Verified EGX Expansion,8.15,17,MISSING,DEFENSIVE_NO_NEW_BUY,False,flow_or_market_gate=MISSING/DEFENSIVE_NO_NEW_BUY;below_MA50,WEAK_OR_RISKY,5.0,TRADEABLE,LAGGING,liquidity is cooling; below MA20; below MA50; weak RSI,7.25,30338020.0,Mubasher delayed stock page,0.32,16.58,7.26,8.95,-0.14,23.45,ALIGNED
2026-09-27T10:45:41.988704+00:00,CERA.CA,General / Verified EGX Expansion,8.15,17,MISSING,DEFENSIVE_NO_NEW_BUY,False,flow_or_market_gate=MISSING/DEFENSIVE_NO_NEW_BUY;below_MA50,WEAK_OR_RISKY,5.0,TRADEABLE,LAGGING,liquidity is cooling; below MA20; below MA50; weak RSI,1.24,92798392.0,Mubasher delayed stock page,0.67,17.95,1.22,2.08,1.64,67.74,ALIGNED
2026-09-27T10:45:41.988704+00:00,DAPH.CA,General / Verified EGX Expansion,8.15,17,MISSING,DEFENSIVE_NO_NEW_BUY,False,flow_or_market_gate=MISSING/DEFENSIVE_NO_NEW_BUY;below_MA50,WEAK_OR_RISKY,11.0,TRADEABLE,LAGGING,liquidity is cooling; below MA20; below MA50; weak RSI,103.75,25283318.0,Mubasher delayed stock page,0.48,22.93,101.55,157.0,2.17,51.33,ALIGNED
2026-09-27T10:45:41.988704+00:00,ELSH.CA,General / Verified EGX Expansion,8.15,17,MISSING,DEFENSIVE_NO_NEW_BUY,False,flow_or_market_gate=MISSING/DEFENSIVE_NO_NEW_BUY;below_MA50,WEAK_OR_RISKY,10.0,TRADEABLE,LAGGING,below MA20; below MA50; weak RSI; sector is not leading,12.13,29623692.0,Mubasher delayed stock page,0.82,26.62,12.06,14.39,0.58,18.63,ALIGNED
2026-09-27T10:45:41.988704+00:00,SDTI.CA,General / Verified EGX Expansion,8.15,17,MISSING,DEFENSIVE_NO_NEW_BUY,False,flow_or_market_gate=MISSING/DEFENSIVE_NO_NEW_BUY;price_not_fresh;below_MA50,WEAK_OR_RISKY,0.0,ACCUMULATION_SPIKE,LAGGING,current price/Yahoo history mismatch; technicals blocked; price data is not fresh; below MA20; sector is not leading,85.04,141663648.0,Mubasher delayed stock page,5.74,50.0,79.0,91.0,7.65,7.01,UNALIGNED_BLOCKED
2026-09-27T10:45:41.988704+00:00,CICH.CA,Non-bank Financial Services,8.14,16,MISSING,DEFENSIVE_NO_NEW_BUY,False,flow_or_market_gate=MISSING/DEFENSIVE_NO_NEW_BUY,WEAK_OR_RISKY,31.0,TRADEABLE,LAGGING,liquidity is cooling; below MA20; overheated RSI; sector is not leading,12.05,1766062.25,Mubasher delayed stock page,0.3,39.08,11.51,13.38,4.69,11.04,ALIGNED
2026-09-27T10:45:41.988704+00:00,OCDI.CA,Real Estate,7.91,18,MISSING,DEFENSIVE_NO_NEW_BUY,False,flow_or_market_gate=MISSING/DEFENSIVE_NO_NEW_BUY;below_MA50,WEAK_OR_RISKY,11.0,TRADEABLE,LAGGING,liquidity is cooling; below MA20; below MA50; weak RSI,27.99,19167650.0,Mubasher delayed stock page,0.27,16.97,27.4,34.5,2.15,23.26,ALIGNED
2026-09-27T10:45:41.988704+00:00,ZMID.CA,Real Estate,7.91,18,MISSING,DEFENSIVE_NO_NEW_BUY,False,flow_or_market_gate=MISSING/DEFENSIVE_NO_NEW_BUY;below_MA50,WEAK_OR_RISKY,10.0,TRADEABLE,LAGGING,below MA20; below MA50; weak RSI; sector is not leading,8.0,162519248.0,Mubasher delayed stock page,0.84,18.57,7.92,9.95,1.01,24.37,ALIGNED
2026-09-27T10:45:41.988704+00:00,NINH.CA,General / Verified EGX Expansion,7.85,17,MISSING,DEFENSIVE_NO_NEW_BUY,False,flow_or_market_gate=MISSING/DEFENSIVE_NO_NEW_BUY;below_MA50,WEAK_OR_RISKY,5.0,TRADEABLE,LAGGING,liquidity is cooling; below MA20; below MA50; weak RSI,19.92,9697003.0,Mubasher delayed stock page,0.51,23.3,19.55,24.96,1.89,25.3,ALIGNED
2026-09-27T10:45:41.988704+00:00,SWDY.CA,Industrial Goods & Cables,7.77,19,MISSING,DEFENSIVE_NO_NEW_BUY,False,flow_or_market_gate=MISSING/DEFENSIVE_NO_NEW_BUY;below_MA50,WEAK_OR_RISKY,5.0,TRADEABLE,LAGGING,liquidity is cooling; below MA20; below MA50; weak RSI,115.11,40103648.0,Mubasher delayed stock page,0.63,15.54,116.5,139.7,-1.19,21.36,ALIGNED
2026-09-27T10:45:41.988704+00:00,CLHO.CA,Healthcare,7.7,20,MISSING,DEFENSIVE_NO_NEW_BUY,False,flow_or_market_gate=MISSING/DEFENSIVE_NO_NEW_BUY;below_MA50,WEAK_OR_RISKY,5.0,TRADEABLE,LAGGING,liquidity is cooling; below MA20; below MA50; weak RSI,15.53,10964298.0,Mubasher delayed stock page,0.16,14.8,15.35,18.45,1.17,18.8,ALIGNED
2026-09-27T10:45:41.988704+00:00,ISPH.CA,Healthcare,7.7,20,MISSING,DEFENSIVE_NO_NEW_BUY,False,flow_or_market_gate=MISSING/DEFENSIVE_NO_NEW_BUY;below_MA50,WEAK_OR_RISKY,11.0,TRADEABLE,LAGGING,liquidity is cooling; below MA20; below MA50; weak RSI,11.76,28708630.0,Mubasher delayed stock page,0.42,22.94,11.5,13.69,2.26,16.41,ALIGNED
2026-09-27T10:45:41.988704+00:00,PHAR.CA,Healthcare,7.7,20,MISSING,DEFENSIVE_NO_NEW_BUY,False,flow_or_market_gate=MISSING/DEFENSIVE_NO_NEW_BUY;below_MA50,WEAK_OR_RISKY,11.0,TRADEABLE,LAGGING,liquidity is cooling; below MA20; below MA50; weak RSI,111.49,67643760.0,Mubasher delayed stock page,0.73,18.99,108.1,137.98,3.14,23.76,ALIGNED
2026-09-27T10:45:41.988704+00:00,ARCC.CA,Building Materials,7.7,21,MISSING,DEFENSIVE_NO_NEW_BUY,False,flow_or_market_gate=MISSING/DEFENSIVE_NO_NEW_BUY;below_MA50,WEAK_OR_RISKY,10.0,TRADEABLE,LAGGING,below MA20; below MA50; weak RSI; sector is not leading,64.26,35833256.0,Mubasher delayed stock page,1.15,18.63,66.12,81.85,-2.81,27.37,ALIGNED
2026-09-27T10:45:41.988704+00:00,EGBE.CA,Banking & Financials,7.57,10,MISSING,DEFENSIVE_NO_NEW_BUY,False,flow_or_market_gate=MISSING/DEFENSIVE_NO_NEW_BUY;liquidity_below_min,WEAK_OR_RISKY,13.41,THIN,IMPROVING,liquidity below minimum; liquidity is cooling; below MA20; sector is not leading,0.52,8491.41,Mubasher delayed stock page,0.08,45.65,0.49,0.54,6.12,3.85,ALIGNED
2026-09-27T10:45:41.988704+00:00,JUFO.CA,"Food, Beverages & Tobacco",7.52,15,MISSING,DEFENSIVE_NO_NEW_BUY,False,flow_or_market_gate=MISSING/DEFENSIVE_NO_NEW_BUY;below_MA50,WEAK_OR_RISKY,0.0,TRADEABLE,LAGGING,liquidity is cooling; below MA20; below MA50; weak RSI,25.74,12070220.0,Mubasher delayed stock page,0.56,32.1,25.5,27.98,0.94,8.7,ALIGNED
2026-09-27T10:45:41.988704+00:00,MBSC.CA,Building Materials,7.4,21,MISSING,DEFENSIVE_NO_NEW_BUY,False,flow_or_market_gate=MISSING/DEFENSIVE_NO_NEW_BUY;below_MA50,WEAK_OR_RISKY,5.0,TRADEABLE,LAGGING,liquidity is cooling; below MA20; below MA50; weak RSI,328.0,25586512.0,Mubasher delayed stock page,0.58,25.55,325.0,470.0,0.92,43.29,ALIGNED
2026-09-27T10:45:41.988704+00:00,MCQE.CA,Building Materials,7.4,21,MISSING,DEFENSIVE_NO_NEW_BUY,False,flow_or_market_gate=MISSING/DEFENSIVE_NO_NEW_BUY;below_MA50,WEAK_OR_RISKY,5.0,TRADEABLE,LAGGING,liquidity is cooling; below MA20; below MA50; weak RSI,200.21,11931155.0,Mubasher delayed stock page,0.48,21.89,197.51,254.23,1.37,26.98,ALIGNED
2026-09-27T10:45:41.988704+00:00,SCEM.CA,Building Materials,7.4,21,MISSING,DEFENSIVE_NO_NEW_BUY,False,flow_or_market_gate=MISSING/DEFENSIVE_NO_NEW_BUY;below_MA50,WEAK_OR_RISKY,10.0,TRADEABLE,LAGGING,below MA20; below MA50; weak RSI; sector is not leading,81.99,86788880.0,Mubasher delayed stock page,0.98,21.7,83.05,105.96,-1.28,29.24,ALIGNED
2026-09-27T10:45:41.988704+00:00,HRHO.CA,Non-bank Financial Services,7.38,16,MISSING,DEFENSIVE_NO_NEW_BUY,False,flow_or_market_gate=MISSING/DEFENSIVE_NO_NEW_BUY;below_MA50,WEAK_OR_RISKY,0.0,TRADEABLE,LAGGING,liquidity is cooling; below MA20; below MA50; weak RSI,23.99,52082736.0,Mubasher delayed stock page,0.52,10.53,23.91,26.69,0.33,11.25,ALIGNED
2026-09-27T10:45:41.988704+00:00,BTFH.CA,Non-bank Financial Services,7.38,16,MISSING,DEFENSIVE_NO_NEW_BUY,False,flow_or_market_gate=MISSING/DEFENSIVE_NO_NEW_BUY;below_MA50,WEAK_OR_RISKY,0.0,TRADEABLE,LAGGING,liquidity is cooling; below MA20; below MA50; weak RSI,2.77,49737928.0,Mubasher delayed stock page,0.57,28.85,2.79,3.07,-0.72,10.83,ALIGNED
2026-09-27T10:45:41.988704+00:00,MFSC.CA,General / Verified EGX Expansion,7.29,17,MISSING,DEFENSIVE_NO_NEW_BUY,False,flow_or_market_gate=MISSING/DEFENSIVE_NO_NEW_BUY;below_MA50,WEAK_OR_RISKY,8.0,TRADEABLE,LAGGING,below MA20; below MA50; overheated RSI; sector is not leading,48.06,4140978.0,Mubasher delayed stock page,0.87,38.93,48.5,58.9,-0.91,22.56,ALIGNED
2026-09-27T10:45:41.988704+00:00,ADPC.CA,General / Verified EGX Expansion,7.15,17,MISSING,DEFENSIVE_NO_NEW_BUY,False,flow_or_market_gate=MISSING/DEFENSIVE_NO_NEW_BUY;below_MA50,WEAK_OR_RISKY,0.0,TRADEABLE,LAGGING,liquidity is cooling; below MA20; below MA50; weak RSI,3.65,12278765.0,Mubasher delayed stock page,0.65,27.78,3.75,4.13,-2.67,13.15,ALIGNED
2026-09-27T10:45:41.988704+00:00,AMES.CA,General / Verified EGX Expansion,7.15,17,MISSING,DEFENSIVE_NO_NEW_BUY,False,flow_or_market_gate=MISSING/DEFENSIVE_NO_NEW_BUY;below_MA50,WEAK_OR_RISKY,0.0,TRADEABLE,LAGGING,liquidity is cooling; below MA20; below MA50; weak RSI,46.93,35018292.0,Mubasher delayed stock page,0.13,14.66,47.55,150.5,-1.3,220.69,ALIGNED
2026-09-27T10:45:41.988704+00:00,DSCW.CA,General / Verified EGX Expansion,7.15,17,MISSING,DEFENSIVE_NO_NEW_BUY,False,flow_or_market_gate=MISSING/DEFENSIVE_NO_NEW_BUY;below_MA50,WEAK_OR_RISKY,6.0,TRADEABLE,LAGGING,liquidity is cooling; below MA20; below MA50; weak RSI,1.75,12522097.0,Mubasher delayed stock page,0.54,15.63,1.71,1.98,2.34,13.14,ALIGNED
2026-09-27T10:45:41.988704+00:00,GDWA.CA,General / Verified EGX Expansion,7.15,17,MISSING,DEFENSIVE_NO_NEW_BUY,False,flow_or_market_gate=MISSING/DEFENSIVE_NO_NEW_BUY;below_MA50,WEAK_OR_RISKY,0.0,TRADEABLE,LAGGING,liquidity is cooling; below MA20; below MA50; weak RSI,0.68,18523702.0,Mubasher delayed stock page,0.42,11.85,0.69,0.9,-1.45,32.35,ALIGNED
2026-09-27T10:45:41.988704+00:00,UEGC.CA,General / Verified EGX Expansion,7.15,17,MISSING,DEFENSIVE_NO_NEW_BUY,False,flow_or_market_gate=MISSING/DEFENSIVE_NO_NEW_BUY;below_MA50,WEAK_OR_RISKY,0.0,TRADEABLE,LAGGING,liquidity is cooling; below MA20; below MA50; weak RSI,1.5,20549450.0,Mubasher delayed stock page,0.42,31.48,1.51,2.09,-0.66,39.33,ALIGNED
2026-09-27T10:45:41.988704+00:00,AFMC.CA,General / Verified EGX Expansion,7.13,17,MISSING,DEFENSIVE_NO_NEW_BUY,False,flow_or_market_gate=MISSING/DEFENSIVE_NO_NEW_BUY;below_MA50,WEAK_OR_RISKY,25.0,TRADEABLE,LAGGING,liquidity is cooling; below MA20; below MA50; sector is not leading,151.3,3984178.0,Mubasher delayed stock page,0.07,47.13,151.1,221.0,0.13,46.07,ALIGNED
2026-09-27T10:45:41.988704+00:00,BIOC.CA,General / Verified EGX Expansion,7.12,17,MISSING,DEFENSIVE_NO_NEW_BUY,False,flow_or_market_gate=MISSING/DEFENSIVE_NO_NEW_BUY;below_MA50,WEAK_OR_RISKY,5.0,TRADEABLE,LAGGING,liquidity is cooling; below MA20; below MA50; weak RSI,251.45,8976089.0,Mubasher delayed stock page,0.1,19.0,247.03,453.0,1.79,80.16,ALIGNED
2026-09-27T10:45:41.988704+00:00,WKOL.CA,General / Verified EGX Expansion,7.11,17,MISSING,DEFENSIVE_NO_NEW_BUY,False,flow_or_market_gate=MISSING/DEFENSIVE_NO_NEW_BUY;below_MA50,WEAK_OR_RISKY,3.0,TRADEABLE,LAGGING,liquidity is cooling; below MA20; below MA50; overheated RSI,312.12,3962439.0,Mubasher delayed stock page,0.29,39.71,320.05,379.98,-2.48,21.74,ALIGNED
2026-09-27T10:45:41.988704+00:00,MAAL.CA,General / Verified EGX Expansion,7.09,17,MISSING,DEFENSIVE_NO_NEW_BUY,False,flow_or_market_gate=MISSING/DEFENSIVE_NO_NEW_BUY;price_not_fresh;below_MA50,WEAK_OR_RISKY,0.0,ACCUMULATION_SPIKE,LAGGING,current price/Yahoo history mismatch; technicals blocked; price data is not fresh; below MA20; sector is not leading,11.26,54437932.0,Mubasher delayed stock page,2.97,50.0,10.63,12.18,5.93,8.17,UNALIGNED_BLOCKED
2026-09-27T10:45:41.988704+00:00,CEFM.CA,General / Verified EGX Expansion,7.03,17,MISSING,DEFENSIVE_NO_NEW_BUY,False,flow_or_market_gate=MISSING/DEFENSIVE_NO_NEW_BUY;liquidity_below_min,WEAK_OR_RISKY,0.0,THIN,LAGGING,liquidity below minimum; liquidity is cooling; below MA20; overheated RSI,140.84,878384.63,Mubasher delayed stock page,0.1,36.31,135.0,167.0,4.33,18.57,ALIGNED
2026-09-27T10:45:41.988704+00:00,TMGH.CA,Real Estate,6.91,18,MISSING,DEFENSIVE_NO_NEW_BUY,False,flow_or_market_gate=MISSING/DEFENSIVE_NO_NEW_BUY;below_MA50,WEAK_OR_RISKY,0.0,TRADEABLE,LAGGING,liquidity is cooling; below MA20; below MA50; weak RSI,89.09,207460944.0,Mubasher delayed stock page,0.71,17.46,90.0,100.9,-1.01,13.26,ALIGNED
2026-09-27T10:45:41.988704+00:00,ARAB.CA,Real Estate,6.91,18,MISSING,DEFENSIVE_NO_NEW_BUY,False,flow_or_market_gate=MISSING/DEFENSIVE_NO_NEW_BUY;below_MA50,WEAK_OR_RISKY,0.0,TRADEABLE,LAGGING,liquidity is cooling; below MA20; below MA50; weak RSI,0.22,33008028.0,Mubasher delayed stock page,0.38,20.34,0.22,0.27,0.0,22.73,ALIGNED
2026-09-27T10:45:41.988704+00:00,MOED.CA,General / Verified EGX Expansion,6.85,17,MISSING,DEFENSIVE_NO_NEW_BUY,False,flow_or_market_gate=MISSING/DEFENSIVE_NO_NEW_BUY;below_MA50,WEAK_OR_RISKY,0.0,TRADEABLE,LAGGING,liquidity is cooling; below MA20; below MA50; weak RSI,0.69,9697814.0,Mubasher delayed stock page,0.15,11.94,0.69,0.88,0.0,27.54,ALIGNED
2026-09-27T10:45:41.988704+00:00,ELEC.CA,Industrial Goods & Cables,6.77,19,MISSING,DEFENSIVE_NO_NEW_BUY,False,flow_or_market_gate=MISSING/DEFENSIVE_NO_NEW_BUY;below_MA50,WEAK_OR_RISKY,0.0,TRADEABLE,LAGGING,liquidity is cooling; below MA20; below MA50; weak RSI,1.92,34263148.0,Mubasher delayed stock page,0.44,25.64,1.91,2.18,0.52,13.54,ALIGNED
2026-09-27T10:45:41.988704+00:00,CCRS.CA,General / Verified EGX Expansion,6.7,17,MISSING,DEFENSIVE_NO_NEW_BUY,False,flow_or_market_gate=MISSING/DEFENSIVE_NO_NEW_BUY;below_MA50,WEAK_OR_RISKY,31.0,TRADEABLE,LAGGING,liquidity is cooling; below MA20; below MA50; sector is not leading,2.46,3548519.5,Mubasher delayed stock page,0.15,46.9,2.4,2.91,2.5,18.29,ALIGNED
2026-09-27T10:45:41.988704+00:00,FERC.CA,Basic Resources & Chemicals,6.64,11,MISSING,DEFENSIVE_NO_NEW_BUY,False,flow_or_market_gate=MISSING/DEFENSIVE_NO_NEW_BUY;below_MA50,WEAK_OR_RISKY,0.0,TRADEABLE,IMPROVING,liquidity is cooling; below MA20; below MA50; overheated RSI,75.41,3103314.75,Mubasher delayed stock page,0.22,37.24,76.1,86.0,-0.91,14.04,ALIGNED
2026-09-27T10:45:41.988704+00:00,GSSC.CA,General / Verified EGX Expansion,6.57,17,MISSING,DEFENSIVE_NO_NEW_BUY,False,flow_or_market_gate=MISSING/DEFENSIVE_NO_NEW_BUY;liquidity_below_min,WEAK_OR_RISKY,18.0,THIN,LAGGING,liquidity below minimum; liquidity is cooling; below MA20; sector is not leading,291.88,426984.81,Mubasher delayed stock page,0.05,44.16,278.0,333.9,4.99,14.4,ALIGNED
2026-09-27T10:45:41.988704+00:00,PRDC.CA,Real Estate,6.42,18,MISSING,DEFENSIVE_NO_NEW_BUY,False,flow_or_market_gate=MISSING/DEFENSIVE_NO_NEW_BUY;below_MA50,WEAK_OR_RISKY,5.0,TRADEABLE,LAGGING,liquidity is cooling; below MA20; below MA50; weak RSI,7.15,8512914.0,Mubasher delayed stock page,0.15,12.44,7.14,10.25,0.14,43.36,ALIGNED
2026-09-27T10:45:41.988704+00:00,NAHO.CA,General / Verified EGX Expansion,6.16,17,MISSING,DEFENSIVE_NO_NEW_BUY,False,flow_or_market_gate=MISSING/DEFENSIVE_NO_NEW_BUY;liquidity_below_min,WEAK_OR_RISKY,18.0,THIN,LAGGING,liquidity below minimum; liquidity is cooling; below MA20; sector is not leading,0.13,9235.8,Mubasher delayed stock page,0.16,47.06,0.12,0.14,8.33,7.69,ALIGNED
2026-09-27T10:45:41.988704+00:00,DEIN.CA,General / Verified EGX Expansion,6.15,17,MISSING,DEFENSIVE_NO_NEW_BUY,False,flow_or_market_gate=MISSING/DEFENSIVE_NO_NEW_BUY;liquidity_below_min;below_MA50,WEAK_OR_RISKY,15.0,THIN,LAGGING,liquidity below minimum; liquidity is cooling; below MA20; sector is not leading,10.35,49.68,Mubasher delayed stock page,0.01,50.0,10.35,12.42,0.0,20.0,ALIGNED
2026-09-27T10:45:41.988704+00:00,RAYA.CA,Technology & Distribution,6.11,8,MISSING,DEFENSIVE_NO_NEW_BUY,False,flow_or_market_gate=MISSING/DEFENSIVE_NO_NEW_BUY;price_not_fresh;below_MA50,WEAK_OR_RISKY,0.0,ACCUMULATION_SPIKE,IMPROVING,current price/Yahoo history mismatch; technicals blocked; price data is not fresh; below MA20; sector is not leading,6.44,81165512.0,Mubasher delayed stock page,1.58,50.0,6.4,7.1,0.63,10.25,UNALIGNED_BLOCKED
2026-09-27T10:45:41.988704+00:00,EASB.CA,General / Verified EGX Expansion,5.9,17,MISSING,DEFENSIVE_NO_NEW_BUY,False,flow_or_market_gate=MISSING/DEFENSIVE_NO_NEW_BUY;below_MA50,WEAK_OR_RISKY,31.0,TRADEABLE,LAGGING,liquidity is cooling; below MA20; below MA50; sector is not leading,7.4,2753091.75,Mubasher delayed stock page,0.17,51.44,7.13,9.95,3.79,34.46,ALIGNED
2026-09-27T10:45:41.988704+00:00,NHPS.CA,General / Verified EGX Expansion,5.68,17,MISSING,DEFENSIVE_NO_NEW_BUY,False,flow_or_market_gate=MISSING/DEFENSIVE_NO_NEW_BUY;below_MA50,WEAK_OR_RISKY,11.0,TRADEABLE,LAGGING,liquidity is cooling; below MA20; below MA50; weak RSI,74.5,7532833.5,Mubasher delayed stock page,0.47,33.28,72.52,92.99,2.73,24.82,ALIGNED
2026-09-27T10:45:41.988704+00:00,COSG.CA,General / Verified EGX Expansion,5.62,17,MISSING,DEFENSIVE_NO_NEW_BUY,False,flow_or_market_gate=MISSING/DEFENSIVE_NO_NEW_BUY;below_MA50,WEAK_OR_RISKY,5.0,TRADEABLE,LAGGING,liquidity is cooling; below MA20; below MA50; weak RSI,1.64,7473206.0,Mubasher delayed stock page,0.26,19.57,1.63,2.0,0.61,21.95,ALIGNED
2026-09-27T10:45:41.988704+00:00,MTIE.CA,Automotive & Distribution,5.12,13,MISSING,DEFENSIVE_NO_NEW_BUY,False,flow_or_market_gate=MISSING/DEFENSIVE_NO_NEW_BUY;below_MA50,WEAK_OR_RISKY,6.0,TRADEABLE,LAGGING,liquidity is cooling; below MA20; below MA50; weak RSI,8.18,7222961.0,Mubasher delayed stock page,0.29,25.23,8.02,8.97,2.0,9.66,ALIGNED
2026-09-27T10:45:41.988704+00:00,AFDI.CA,General / Verified EGX Expansion,4.96,17,MISSING,DEFENSIVE_NO_NEW_BUY,False,flow_or_market_gate=MISSING/DEFENSIVE_NO_NEW_BUY;below_MA50,WEAK_OR_RISKY,3.0,TRADEABLE,LAGGING,liquidity is cooling; below MA20; below MA50; overheated RSI,51.82,1816792.38,Mubasher delayed stock page,0.1,39.42,51.5,61.74,0.62,19.14,ALIGNED
2026-09-27T10:45:41.988704+00:00,LCSW.CA,Building Materials,4.89,21,MISSING,DEFENSIVE_NO_NEW_BUY,False,flow_or_market_gate=MISSING/DEFENSIVE_NO_NEW_BUY;below_MA50,WEAK_OR_RISKY,5.0,TRADEABLE,LAGGING,liquidity is cooling; below MA20; below MA50; weak RSI,31.51,7485440.0,Mubasher delayed stock page,0.32,19.46,31.0,37.5,1.65,19.01,ALIGNED
2026-09-27T10:45:41.988704+00:00,MEPA.CA,General / Verified EGX Expansion,4.67,17,MISSING,DEFENSIVE_NO_NEW_BUY,False,flow_or_market_gate=MISSING/DEFENSIVE_NO_NEW_BUY;below_MA50,WEAK_OR_RISKY,5.0,TRADEABLE,LAGGING,liquidity is cooling; below MA20; below MA50; weak RSI,1.77,6522848.5,Mubasher delayed stock page,0.16,14.29,1.76,2.25,0.57,27.12,ALIGNED
2026-09-27T10:45:41.988704+00:00,CIEB.CA,Banking & Financials,4.65,10,MISSING,DEFENSIVE_NO_NEW_BUY,False,flow_or_market_gate=MISSING/DEFENSIVE_NO_NEW_BUY;below_MA50,WEAK_OR_RISKY,6.41,TRADEABLE,IMPROVING,liquidity is cooling; below MA20; below MA50; weak RSI,24.04,5085310.5,Mubasher delayed stock page,0.36,28.51,23.9,26.27,0.59,9.28,ALIGNED
2026-09-27T10:45:41.988704+00:00,ORAS.CA,Industrial Goods & Construction,4.6,9,MISSING,DEFENSIVE_NO_NEW_BUY,False,flow_or_market_gate=MISSING/DEFENSIVE_NO_NEW_BUY;price_not_fresh;below_MA50,WEAK_OR_RISKY,0.0,TRADEABLE,IMPROVING,current price/Yahoo history mismatch; technicals blocked; price data is not fresh; below MA20; sector is not leading,813.98,24905186.0,Mubasher delayed stock page,1.0,50.0,813.0,835.0,0.12,2.58,UNALIGNED_BLOCKED
2026-09-27T10:45:41.988704+00:00,ADCI.CA,General / Verified EGX Expansion,4.59,17,MISSING,DEFENSIVE_NO_NEW_BUY,False,flow_or_market_gate=MISSING/DEFENSIVE_NO_NEW_BUY;below_MA50,WEAK_OR_RISKY,9.0,TRADEABLE,LAGGING,liquidity is cooling; below MA20; below MA50; overheated RSI,276.09,1439162.63,Mubasher delayed stock page,0.32,36.46,267.66,315.0,3.15,14.09,ALIGNED
2026-09-27T10:45:41.988704+00:00,EBSC.CA,General / Verified EGX Expansion,4.57,17,MISSING,DEFENSIVE_NO_NEW_BUY,False,flow_or_market_gate=MISSING/DEFENSIVE_NO_NEW_BUY;below_MA50,WEAK_OR_RISKY,3.0,TRADEABLE,LAGGING,liquidity is cooling; below MA20; below MA50; overheated RSI,1.93,1419472.38,Mubasher delayed stock page,0.13,36.49,1.9,2.43,1.58,25.91,ALIGNED
2026-09-27T10:45:41.988704+00:00,EFIC.CA,Basic Resources & Chemicals,4.54,11,MISSING,DEFENSIVE_NO_NEW_BUY,False,flow_or_market_gate=MISSING/DEFENSIVE_NO_NEW_BUY;price_not_fresh;below_MA50,WEAK_OR_RISKY,0.0,TRADEABLE,IMPROVING,current price/Yahoo history mismatch; technicals blocked; price data is not fresh; liquidity is cooling; below MA20,166.01,42366644.0,Mubasher delayed stock page,0.12,50.0,165.01,179.0,0.61,7.82,UNALIGNED_BLOCKED
2026-09-27T10:45:41.988704+00:00,ISMA.CA,General / Verified EGX Expansion,4.37,17,MISSING,DEFENSIVE_NO_NEW_BUY,False,flow_or_market_gate=MISSING/DEFENSIVE_NO_NEW_BUY;below_MA50,WEAK_OR_RISKY,5.0,TRADEABLE,LAGGING,liquidity is cooling; below MA20; below MA50; weak RSI,28.0,6217139.0,Mubasher delayed stock page,0.34,31.75,27.7,40.49,1.08,44.61,ALIGNED
2026-09-27T10:45:41.988704+00:00,UNIT.CA,Real Estate,4.24,18,MISSING,DEFENSIVE_NO_NEW_BUY,False,flow_or_market_gate=MISSING/DEFENSIVE_NO_NEW_BUY;below_MA50,WEAK_OR_RISKY,31.0,TRADEABLE,LAGGING,liquidity is cooling; below MA20; below MA50; sector is not leading,17.41,1324321.13,Mubasher delayed stock page,0.09,45.51,16.66,23.95,4.5,37.56,ALIGNED
2026-09-27T10:45:41.988704+00:00,ASCM.CA,General / Verified EGX Expansion,4.15,17,MISSING,DEFENSIVE_NO_NEW_BUY,False,flow_or_market_gate=MISSING/DEFENSIVE_NO_NEW_BUY;below_MA50,WEAK_OR_RISKY,5.0,TRADEABLE,LAGGING,liquidity is cooling; below MA20; below MA50; weak RSI,58.06,5999844.5,Mubasher delayed stock page,0.32,26.49,57.36,66.8,1.22,15.05,ALIGNED
2026-09-27T10:45:41.988704+00:00,ELKA.CA,General / Verified EGX Expansion,4.15,17,MISSING,DEFENSIVE_NO_NEW_BUY,False,flow_or_market_gate=MISSING/DEFENSIVE_NO_NEW_BUY;below_MA50,WEAK_OR_RISKY,5.0,TRADEABLE,LAGGING,liquidity is cooling; below MA20; below MA50; weak RSI,1.56,5998540.5,Mubasher delayed stock page,0.18,10.53,1.54,1.99,1.3,27.56,ALIGNED
2026-09-27T10:45:41.988704+00:00,INFI.CA,General / Verified EGX Expansion,4.13,17,MISSING,DEFENSIVE_NO_NEW_BUY,False,flow_or_market_gate=MISSING/DEFENSIVE_NO_NEW_BUY;below_MA50,WEAK_OR_RISKY,11.0,TRADEABLE,LAGGING,liquidity is cooling; below MA20; below MA50; weak RSI,125.15,5983419.0,Mubasher delayed stock page,0.32,28.79,122.0,161.9,2.58,29.36,ALIGNED
2026-09-27T10:45:41.988704+00:00,NEDA.CA,General / Verified EGX Expansion,3.62,17,MISSING,DEFENSIVE_NO_NEW_BUY,False,flow_or_market_gate=MISSING/DEFENSIVE_NO_NEW_BUY;liquidity_below_min;below_MA50,WEAK_OR_RISKY,0.0,THIN,LAGGING,liquidity below minimum; liquidity is cooling; below MA20; below MA50,2.7,474824.71,Yahoo Finance,0.5,43.24,2.68,2.89,0.75,7.04,
2026-09-27T10:45:41.988704+00:00,FAITA.CA,Banking & Financials,3.58,10,MISSING,DEFENSIVE_NO_NEW_BUY,False,flow_or_market_gate=MISSING/DEFENSIVE_NO_NEW_BUY;liquidity_below_min;below_MA50,WEAK_OR_RISKY,0.0,THIN,IMPROVING,liquidity below minimum; liquidity is cooling; below MA20; below MA50,0.98,11099.2,Mubasher delayed stock page,0.26,40.0,0.98,1.01,0.0,3.06,ALIGNED
2026-09-27T10:45:41.988704+00:00,SPIN.CA,Textiles,3.48,12,MISSING,DEFENSIVE_NO_NEW_BUY,False,flow_or_market_gate=MISSING/DEFENSIVE_NO_NEW_BUY;below_MA50,WEAK_OR_RISKY,5.11,TRADEABLE,IMPROVING,liquidity is cooling; below MA20; below MA50; weak RSI,16.39,4438378.0,Mubasher delayed stock page,0.46,16.89,16.1,20.4,1.8,24.47,ALIGNED
2026-09-27T10:45:41.988704+00:00,SCFM.CA,General / Verified EGX Expansion,3.42,17,MISSING,DEFENSIVE_NO_NEW_BUY,False,flow_or_market_gate=MISSING/DEFENSIVE_NO_NEW_BUY;below_MA50,WEAK_OR_RISKY,0.0,TRADEABLE,LAGGING,liquidity is cooling; below MA20; below MA50; overheated RSI,250.01,1267011.13,Mubasher delayed stock page,0.19,35.83,250.2,315.0,-0.08,25.99,ALIGNED
2026-09-27T10:45:41.988704+00:00,CSAG.CA,Transportation & Logistics,3.27,6,MISSING,DEFENSIVE_NO_NEW_BUY,False,flow_or_market_gate=MISSING/DEFENSIVE_NO_NEW_BUY;below_MA50,WEAK_OR_RISKY,19.33,TRADEABLE,IMPROVING,liquidity is cooling; below MA20; below MA50; weak RSI,37.24,2936943.25,Mubasher delayed stock page,0.2,30.89,36.5,44.45,2.03,19.36,ALIGNED
2026-09-27T10:45:41.988704+00:00,EAST.CA,"Food, Beverages & Tobacco",3.22,15,MISSING,DEFENSIVE_NO_NEW_BUY,False,flow_or_market_gate=MISSING/DEFENSIVE_NO_NEW_BUY;below_MA50,WEAK_OR_RISKY,6.0,TRADEABLE,LAGGING,liquidity is cooling; below MA20; below MA50; weak RSI,31.21,5701409.5,Mubasher delayed stock page,0.1,4.1,30.59,36.48,2.03,16.89,ALIGNED
2026-09-27T10:45:41.988704+00:00,ASPI.CA,General / Verified EGX Expansion,3.15,17,MISSING,DEFENSIVE_NO_NEW_BUY,False,flow_or_market_gate=MISSING/DEFENSIVE_NO_NEW_BUY;price_not_fresh;below_MA50,WEAK_OR_RISKY,0.0,TRADEABLE,LAGGING,current price/Yahoo history mismatch; technicals blocked; price data is not fresh; liquidity is cooling; below MA20,0.37,18038220.0,Mubasher delayed stock page,0.28,50.0,0.37,0.41,0.0,10.81,UNALIGNED_BLOCKED
2026-09-27T10:45:41.988704+00:00,MCRO.CA,General / Verified EGX Expansion,3.15,17,MISSING,DEFENSIVE_NO_NEW_BUY,False,flow_or_market_gate=MISSING/DEFENSIVE_NO_NEW_BUY;price_not_fresh;below_MA50,WEAK_OR_RISKY,0.0,TRADEABLE,LAGGING,current price/Yahoo history mismatch; technicals blocked; price data is not fresh; liquidity is cooling; below MA20,1.5,26505732.0,Mubasher delayed stock page,0.21,50.0,1.5,1.62,0.0,8.0,UNALIGNED_BLOCKED
2026-09-27T10:45:41.988704+00:00,OFH.CA,General / Verified EGX Expansion,3.15,17,MISSING,DEFENSIVE_NO_NEW_BUY,False,flow_or_market_gate=MISSING/DEFENSIVE_NO_NEW_BUY;price_not_fresh;below_MA50,WEAK_OR_RISKY,0.0,TRADEABLE,LAGGING,current price/Yahoo history mismatch; technicals blocked; price data is not fresh; below MA20; sector is not leading,0.93,117317112.0,Mubasher delayed stock page,0.84,50.0,0.92,1.04,1.09,11.83,UNALIGNED_BLOCKED
2026-09-27T10:45:41.988704+00:00,RUBX.CA,General / Verified EGX Expansion,3.15,17,MISSING,DEFENSIVE_NO_NEW_BUY,False,flow_or_market_gate=MISSING/DEFENSIVE_NO_NEW_BUY;price_not_fresh;below_MA50,WEAK_OR_RISKY,0.0,TRADEABLE,LAGGING,current price/Yahoo history mismatch; technicals blocked; price data is not fresh; below MA20; sector is not leading,16.64,53760788.0,Mubasher delayed stock page,0.89,50.0,16.6,17.6,0.24,5.77,UNALIGNED_BLOCKED
2026-09-27T10:45:41.988704+00:00,SVCE.CA,General / Verified EGX Expansion,3.15,17,MISSING,DEFENSIVE_NO_NEW_BUY,False,flow_or_market_gate=MISSING/DEFENSIVE_NO_NEW_BUY;price_not_fresh;below_MA50,WEAK_OR_RISKY,0.0,TRADEABLE,LAGGING,current price/Yahoo history mismatch; technicals blocked; price data is not fresh; liquidity is cooling; below MA20,10.34,24159962.0,Mubasher delayed stock page,0.12,50.0,10.32,11.2,0.19,8.32,UNALIGNED_BLOCKED
2026-09-27T10:45:41.988704+00:00,ODIN.CA,General / Verified EGX Expansion,3.0,17,MISSING,DEFENSIVE_NO_NEW_BUY,False,flow_or_market_gate=MISSING/DEFENSIVE_NO_NEW_BUY;below_MA50,WEAK_OR_RISKY,11.0,TRADEABLE,LAGGING,liquidity is cooling; below MA20; below MA50; weak RSI,2.6,4854661.5,Mubasher delayed stock page,0.28,32.14,2.54,3.34,2.36,28.46,ALIGNED
2026-09-27T10:45:41.988704+00:00,PHDC.CA,Real Estate,2.91,18,MISSING,DEFENSIVE_NO_NEW_BUY,False,flow_or_market_gate=MISSING/DEFENSIVE_NO_NEW_BUY;price_not_fresh;below_MA50,WEAK_OR_RISKY,0.0,TRADEABLE,LAGGING,current price/Yahoo history mismatch; technicals blocked; price data is not fresh; liquidity is cooling; below MA20,12.81,84093608.0,Mubasher delayed stock page,0.57,50.0,12.8,13.55,0.08,5.78,UNALIGNED_BLOCKED
2026-09-27T10:45:41.988704+00:00,OLFI.CA,"Food, Beverages & Tobacco",2.91,15,MISSING,DEFENSIVE_NO_NEW_BUY,False,flow_or_market_gate=MISSING/DEFENSIVE_NO_NEW_BUY;below_MA50,WEAK_OR_RISKY,5.0,TRADEABLE,LAGGING,liquidity is cooling; below MA20; below MA50; weak RSI,22.38,2391766.25,Mubasher delayed stock page,0.13,34.04,22.07,23.99,1.4,7.19,ALIGNED
2026-09-27T10:45:41.988704+00:00,UNIP.CA,General / Verified EGX Expansion,2.82,17,MISSING,DEFENSIVE_NO_NEW_BUY,False,flow_or_market_gate=MISSING/DEFENSIVE_NO_NEW_BUY;below_MA50,WEAK_OR_RISKY,11.0,TRADEABLE,LAGGING,liquidity is cooling; below MA20; below MA50; weak RSI,0.36,4674542.0,Mubasher delayed stock page,0.22,27.27,0.35,0.41,2.86,13.89,ALIGNED
2026-09-27T10:45:41.988704+00:00,KWIN.CA,General / Verified EGX Expansion,2.74,17,MISSING,DEFENSIVE_NO_NEW_BUY,False,flow_or_market_gate=MISSING/DEFENSIVE_NO_NEW_BUY;below_MA50,WEAK_OR_RISKY,11.0,TRADEABLE,LAGGING,liquidity is cooling; below MA20; below MA50; weak RSI,86.24,4595893.5,Mubasher delayed stock page,0.12,29.43,82.5,137.9,4.53,59.9,ALIGNED
2026-09-27T10:45:41.988704+00:00,APSW.CA,General / Verified EGX Expansion,2.66,17,MISSING,DEFENSIVE_NO_NEW_BUY,False,flow_or_market_gate=MISSING/DEFENSIVE_NO_NEW_BUY;liquidity_below_min;below_MA50,WEAK_OR_RISKY,0.0,THIN,LAGGING,liquidity below minimum; liquidity is cooling; below MA20; below MA50,8.19,512538.36,Yahoo Finance,0.62,35.61,8.16,8.79,0.37,7.33,
2026-09-27T10:45:41.988704+00:00,ETRS.CA,General / Verified EGX Expansion,2.63,17,MISSING,DEFENSIVE_NO_NEW_BUY,False,flow_or_market_gate=MISSING/DEFENSIVE_NO_NEW_BUY;below_MA50,WEAK_OR_RISKY,5.0,TRADEABLE,LAGGING,liquidity is cooling; below MA20; below MA50; weak RSI,10.46,4486134.5,Mubasher delayed stock page,0.35,31.19,10.42,11.66,0.38,11.47,ALIGNED
2026-09-27T10:45:41.988704+00:00,CNFN.CA,Non-bank Financial Services,2.5,16,MISSING,DEFENSIVE_NO_NEW_BUY,False,flow_or_market_gate=MISSING/DEFENSIVE_NO_NEW_BUY;below_MA50,WEAK_OR_RISKY,0.0,TRADEABLE,LAGGING,liquidity is cooling; below MA20; below MA50; weak RSI,4.17,5128941.5,Mubasher delayed stock page,0.46,26.26,4.24,4.95,-1.65,18.71,ALIGNED
2026-09-27T10:45:41.988704+00:00,DOMT.CA,"Food, Beverages & Tobacco",2.45,15,MISSING,DEFENSIVE_NO_NEW_BUY,False,flow_or_market_gate=MISSING/DEFENSIVE_NO_NEW_BUY;below_MA50,WEAK_OR_RISKY,5.0,TRADEABLE,LAGGING,below MA20; below MA50; weak RSI; sector is not leading,24.93,4929788.0,Mubasher delayed stock page,0.94,25.45,25.56,29.47,-2.46,18.21,ALIGNED
2026-09-27T10:45:41.988704+00:00,PRCL.CA,Building Materials,2.4,21,MISSING,DEFENSIVE_NO_NEW_BUY,False,flow_or_market_gate=MISSING/DEFENSIVE_NO_NEW_BUY;price_not_fresh;below_MA50,WEAK_OR_RISKY,0.0,TRADEABLE,LAGGING,current price/Yahoo history mismatch; technicals blocked; price data is not fresh; liquidity is cooling; below MA20,29.08,12394130.0,Mubasher delayed stock page,0.71,50.0,28.68,31.05,1.39,6.77,UNALIGNED_BLOCKED
2026-09-27T10:45:41.988704+00:00,GRCA.CA,General / Verified EGX Expansion,2.25,17,MISSING,DEFENSIVE_NO_NEW_BUY,False,flow_or_market_gate=MISSING/DEFENSIVE_NO_NEW_BUY;below_MA50,WEAK_OR_RISKY,0.0,TRADEABLE,LAGGING,liquidity is cooling; below MA20; below MA50; weak RSI,37.78,5100920.5,Mubasher delayed stock page,0.12,15.09,38.7,85.88,-2.38,127.32,ALIGNED
2026-09-27T10:45:41.988704+00:00,RAKT.CA,General / Verified EGX Expansion,2.2,17,MISSING,DEFENSIVE_NO_NEW_BUY,False,flow_or_market_gate=MISSING/DEFENSIVE_NO_NEW_BUY;liquidity_below_min;below_MA50,WEAK_OR_RISKY,0.0,THIN,LAGGING,liquidity below minimum; liquidity is cooling; below MA20; below MA50,22.08,48377.28,Yahoo Finance,0.22,47.17,21.2,23.02,4.15,4.26,
2026-09-27T10:45:41.988704+00:00,OBRI.CA,General / Verified EGX Expansion,1.84,17,MISSING,DEFENSIVE_NO_NEW_BUY,False,flow_or_market_gate=MISSING/DEFENSIVE_NO_NEW_BUY;below_MA50,WEAK_OR_RISKY,0.0,TRADEABLE,LAGGING,liquidity is cooling; below MA20; below MA50; weak RSI,28.18,4687482.0,Mubasher delayed stock page,0.32,14.56,28.12,34.95,0.21,24.02,ALIGNED
2026-09-27T10:45:41.988704+00:00,SCTS.CA,Education,1.55,4,MISSING,DEFENSIVE_NO_NEW_BUY,False,flow_or_market_gate=MISSING/DEFENSIVE_NO_NEW_BUY;liquidity_below_min;below_MA50,WEAK_OR_RISKY,0.0,THIN,IMPROVING,liquidity below minimum; liquidity is cooling; below MA20; below MA50,572.42,503442.53,Mubasher delayed stock page,0.21,24.5,566.66,639.0,1.02,11.63,ALIGNED
2026-09-27T10:45:41.988704+00:00,GGCC.CA,General / Verified EGX Expansion,1.4,17,MISSING,DEFENSIVE_NO_NEW_BUY,False,flow_or_market_gate=MISSING/DEFENSIVE_NO_NEW_BUY;below_MA50,WEAK_OR_RISKY,11.0,TRADEABLE,LAGGING,liquidity is cooling; below MA20; below MA50; weak RSI,0.73,3247430.25,Mubasher delayed stock page,0.11,27.02,0.7,1.04,4.29,42.47,ALIGNED
2026-09-27T10:45:41.988704+00:00,CFGH.CA,General / Verified EGX Expansion,1.15,17,MISSING,DEFENSIVE_NO_NEW_BUY,False,flow_or_market_gate=MISSING/DEFENSIVE_NO_NEW_BUY;liquidity_below_min,WEAK_OR_RISKY,0.0,THIN,LAGGING,liquidity below minimum; liquidity is cooling; below MA20; weak RSI,0.12,1710.51,Yahoo Finance,0.1,23.08,0.11,0.12,1.77,8.7,
2026-09-27T10:45:41.988704+00:00,AREH.CA,General / Verified EGX Expansion,0.94,17,MISSING,DEFENSIVE_NO_NEW_BUY,False,flow_or_market_gate=MISSING/DEFENSIVE_NO_NEW_BUY;below_MA50,WEAK_OR_RISKY,0.0,TRADEABLE,LAGGING,liquidity is cooling; below MA20; below MA50; weak RSI,1.32,3791971.0,Mubasher delayed stock page,0.28,23.08,1.35,1.54,-2.22,16.67,ALIGNED
2026-09-27T10:45:41.988704+00:00,ALUM.CA,General / Verified EGX Expansion,0.93,17,MISSING,DEFENSIVE_NO_NEW_BUY,False,flow_or_market_gate=MISSING/DEFENSIVE_NO_NEW_BUY;below_MA50,WEAK_OR_RISKY,5.0,TRADEABLE,LAGGING,liquidity is cooling; below MA20; below MA50; weak RSI,23.93,2779991.5,Mubasher delayed stock page,0.37,22.0,23.6,30.25,1.4,26.41,ALIGNED
2026-09-27T10:45:41.988704+00:00,OCPH.CA,General / Verified EGX Expansion,0.82,17,MISSING,DEFENSIVE_NO_NEW_BUY,False,flow_or_market_gate=MISSING/DEFENSIVE_NO_NEW_BUY;below_MA50,WEAK_OR_RISKY,6.0,TRADEABLE,LAGGING,liquidity is cooling; below MA20; below MA50; weak RSI,222.53,1669290.13,Mubasher delayed stock page,0.27,29.63,210.0,277.5,5.97,24.7,ALIGNED
2026-09-27T10:45:41.988704+00:00,RACC.CA,General / Verified EGX Expansion,0.74,17,MISSING,DEFENSIVE_NO_NEW_BUY,False,flow_or_market_gate=MISSING/DEFENSIVE_NO_NEW_BUY;below_MA50,WEAK_OR_RISKY,5.0,TRADEABLE,LAGGING,liquidity is cooling; below MA20; below MA50; weak RSI,9.33,2594994.5,Mubasher delayed stock page,0.16,24.04,9.2,10.55,1.41,13.08,ALIGNED
2026-09-27T10:45:41.988704+00:00,RREI.CA,General / Verified EGX Expansion,0.37,17,MISSING,DEFENSIVE_NO_NEW_BUY,False,flow_or_market_gate=MISSING/DEFENSIVE_NO_NEW_BUY;below_MA50,WEAK_OR_RISKY,11.0,TRADEABLE,LAGGING,liquidity is cooling; below MA20; below MA50; weak RSI,4.03,2222233.5,Mubasher delayed stock page,0.14,32.08,3.86,4.56,4.4,13.15,ALIGNED
2026-09-27T10:45:41.988704+00:00,RTVC.CA,General / Verified EGX Expansion,0.33,17,MISSING,DEFENSIVE_NO_NEW_BUY,False,flow_or_market_gate=MISSING/DEFENSIVE_NO_NEW_BUY;below_MA50,WEAK_OR_RISKY,5.0,TRADEABLE,LAGGING,below MA20; below MA50; weak RSI; sector is not leading,3.68,3184100.5,Mubasher delayed stock page,0.9,25.0,3.67,4.33,0.27,17.66,ALIGNED
2026-09-27T10:45:41.988704+00:00,EALR.CA,General / Verified EGX Expansion,0.21,17,MISSING,DEFENSIVE_NO_NEW_BUY,False,flow_or_market_gate=MISSING/DEFENSIVE_NO_NEW_BUY;below_MA50,WEAK_OR_RISKY,6.0,TRADEABLE,LAGGING,liquidity is cooling; below MA20; below MA50; weak RSI,352.33,3061501.25,Mubasher delayed stock page,0.23,32.72,340.0,411.99,3.63,16.93,ALIGNED
2026-09-27T10:45:41.988704+00:00,ECAP.CA,General / Verified EGX Expansion,0.05,17,MISSING,DEFENSIVE_NO_NEW_BUY,False,flow_or_market_gate=MISSING/DEFENSIVE_NO_NEW_BUY;below_MA50,WEAK_OR_RISKY,5.0,TRADEABLE,LAGGING,liquidity is cooling; below MA20; below MA50; weak RSI,31.09,1906689.5,Mubasher delayed stock page,0.21,18.79,31.0,34.94,0.29,12.38,ALIGNED
2026-09-27T10:45:41.988704+00:00,CAED.CA,General / Verified EGX Expansion,-0.11,17,MISSING,DEFENSIVE_NO_NEW_BUY,False,flow_or_market_gate=MISSING/DEFENSIVE_NO_NEW_BUY;below_MA50,WEAK_OR_RISKY,11.0,TRADEABLE,LAGGING,liquidity is cooling; below MA20; below MA50; weak RSI,117.09,1743418.88,Mubasher delayed stock page,0.09,24.95,112.01,152.0,4.54,29.81,ALIGNED
2026-09-27T10:45:41.988704+00:00,ZEOT.CA,General / Verified EGX Expansion,-0.23,17,MISSING,DEFENSIVE_NO_NEW_BUY,False,flow_or_market_gate=MISSING/DEFENSIVE_NO_NEW_BUY;below_MA50,WEAK_OR_RISKY,5.0,TRADEABLE,LAGGING,liquidity is cooling; below MA20; below MA50; weak RSI,12.28,1626257.88,Mubasher delayed stock page,0.26,26.7,12.25,14.85,0.24,20.93,ALIGNED
2026-09-27T10:45:41.988704+00:00,ATLC.CA,Non-bank Financial Services,-0.47,16,MISSING,DEFENSIVE_NO_NEW_BUY,False,flow_or_market_gate=MISSING/DEFENSIVE_NO_NEW_BUY;price_not_fresh;below_MA50,WEAK_OR_RISKY,0.0,TRADEABLE,LAGGING,current price/Yahoo history mismatch; technicals blocked; price data is not fresh; liquidity is cooling; below MA20,6.02,6158698.5,Mubasher delayed stock page,0.21,50.0,5.95,6.68,1.18,10.96,UNALIGNED_BLOCKED
2026-09-27T10:45:41.988704+00:00,SEIG.CA,General / Verified EGX Expansion,-0.6,17,MISSING,DEFENSIVE_NO_NEW_BUY,False,flow_or_market_gate=MISSING/DEFENSIVE_NO_NEW_BUY;below_MA50,WEAK_OR_RISKY,11.0,TRADEABLE,LAGGING,liquidity is cooling; below MA20; below MA50; weak RSI,228.74,1254606.25,Mubasher delayed stock page,0.67,30.53,222.1,274.75,2.99,20.11,ALIGNED
2026-09-27T10:45:41.988704+00:00,PRMH.CA,General / Verified EGX Expansion,-0.65,17,MISSING,DEFENSIVE_NO_NEW_BUY,False,flow_or_market_gate=MISSING/DEFENSIVE_NO_NEW_BUY;below_MA50,WEAK_OR_RISKY,5.0,TRADEABLE,LAGGING,liquidity is cooling; below MA20; below MA50; weak RSI,2.4,1197480.13,Mubasher delayed stock page,0.16,32.94,2.43,2.87,-1.23,19.58,ALIGNED
2026-09-27T10:45:41.988704+00:00,SMFR.CA,General / Verified EGX Expansion,-0.94,17,MISSING,DEFENSIVE_NO_NEW_BUY,False,flow_or_market_gate=MISSING/DEFENSIVE_NO_NEW_BUY;liquidity_below_min;below_MA50,WEAK_OR_RISKY,0.0,THIN,LAGGING,liquidity below minimum; liquidity is cooling; below MA20; below MA50,218.66,914663.0,Mubasher delayed stock page,0.12,26.08,217.0,274.0,0.76,25.31,ALIGNED
2026-09-27T10:45:41.988704+00:00,MOSC.CA,General / Verified EGX Expansion,-1.28,17,MISSING,DEFENSIVE_NO_NEW_BUY,False,flow_or_market_gate=MISSING/DEFENSIVE_NO_NEW_BUY;liquidity_below_min;below_MA50,WEAK_OR_RISKY,0.0,THIN,LAGGING,liquidity below minimum; liquidity is cooling; below MA20; below MA50,291.1,567328.63,Mubasher delayed stock page,0.1,17.29,281.0,346.0,3.59,18.86,ALIGNED
2026-09-27T10:45:41.988704+00:00,EDFM.CA,General / Verified EGX Expansion,-1.32,17,MISSING,DEFENSIVE_NO_NEW_BUY,False,flow_or_market_gate=MISSING/DEFENSIVE_NO_NEW_BUY;liquidity_below_min;below_MA50,WEAK_OR_RISKY,0.0,THIN,LAGGING,liquidity below minimum; liquidity is cooling; below MA20; below MA50,387.66,534583.15,Yahoo Finance,0.3,30.78,382.35,465.0,1.39,19.95,
2026-09-27T10:45:41.988704+00:00,ELWA.CA,General / Verified EGX Expansion,-1.47,17,MISSING,DEFENSIVE_NO_NEW_BUY,False,flow_or_market_gate=MISSING/DEFENSIVE_NO_NEW_BUY;liquidity_below_min;below_MA50,WEAK_OR_RISKY,0.0,THIN,LAGGING,liquidity below minimum; liquidity is cooling; below MA20; below MA50,1.64,378783.0,Mubasher delayed stock page,0.23,28.13,1.61,1.99,1.86,21.34,ALIGNED
2026-09-27T10:45:41.988704+00:00,MENA.CA,Real Estate,-1.74,18,MISSING,DEFENSIVE_NO_NEW_BUY,False,flow_or_market_gate=MISSING/DEFENSIVE_NO_NEW_BUY;liquidity_below_min;below_MA50,WEAK_OR_RISKY,0.0,THIN,LAGGING,liquidity below minimum; liquidity is cooling; below MA20; below MA50,6.6,344149.81,Mubasher delayed stock page,0.21,29.57,6.45,7.07,2.33,7.12,ALIGNED
2026-09-27T10:45:41.988704+00:00,TRTO.CA,General / Verified EGX Expansion,-1.84,17,MISSING,DEFENSIVE_NO_NEW_BUY,False,flow_or_market_gate=MISSING/DEFENSIVE_NO_NEW_BUY;liquidity_below_min;below_MA50,WEAK_OR_RISKY,0.0,THIN,LAGGING,liquidity below minimum; liquidity is cooling; below MA20; weak RSI,0.05,10509.86,Yahoo Finance,0.36,26.47,0.05,0.08,10.2,55.56,
2026-09-27T10:45:41.988704+00:00,UEFM.CA,General / Verified EGX Expansion,-2.27,17,MISSING,DEFENSIVE_NO_NEW_BUY,False,flow_or_market_gate=MISSING/DEFENSIVE_NO_NEW_BUY;liquidity_below_min;below_MA50,WEAK_OR_RISKY,0.0,THIN,LAGGING,liquidity below minimum; liquidity is cooling; below MA20; below MA50,462.21,580049.94,Mubasher delayed stock page,0.19,32.27,440.66,574.0,4.89,24.19,ALIGNED
2026-09-27T10:45:41.988704+00:00,GMCI.CA,General / Verified EGX Expansion,-2.54,17,MISSING,DEFENSIVE_NO_NEW_BUY,False,flow_or_market_gate=MISSING/DEFENSIVE_NO_NEW_BUY;liquidity_below_min;below_MA50,WEAK_OR_RISKY,0.0,THIN,LAGGING,liquidity below minimum; liquidity is cooling; below MA20; below MA50,1.7,311315.91,Yahoo Finance,0.63,21.43,1.65,1.94,3.03,14.12,
2026-09-27T10:45:41.988704+00:00,ELNA.CA,General / Verified EGX Expansion,-2.73,17,MISSING,DEFENSIVE_NO_NEW_BUY,False,flow_or_market_gate=MISSING/DEFENSIVE_NO_NEW_BUY;liquidity_below_min;below_MA50,WEAK_OR_RISKY,0.0,THIN,LAGGING,liquidity below minimum; liquidity is cooling; below MA20; below MA50,35.22,126897.66,Yahoo Finance,0.33,27.7,33.96,38.99,3.71,10.7,
2026-09-27T10:45:41.988704+00:00,EPPK.CA,General / Verified EGX Expansion,-6.43,17,MISSING,DEFENSIVE_NO_NEW_BUY,False,flow_or_market_gate=MISSING/DEFENSIVE_NO_NEW_BUY;liquidity_below_min;price_not_fresh;below_MA50,WEAK_OR_RISKY,0.0,THIN,LAGGING,current price/Yahoo history mismatch; technicals blocked; price data is not fresh; liquidity below minimum; liquidity is cooling,10.29,419183.72,Mubasher delayed stock page,0.28,50.0,10.29,10.29,0.0,0.0,UNALIGNED_BLOCKED
