Ticker,Sector,Watchlist_Tier,Rank_Score,Buy_Ready,Flow_Regime,Signal_Status,Block_Reasons,Outlook_Label,Outlook_Score,Liquidity_Regime,Sector_Momentum
ETEL.CA,Telecommunications,CANDIDATE,24.4,False,MISSING,WATCH_ONLY,flow_or_market_gate=MISSING/DEFENSIVE_NO_NEW_BUY,CONSTRUCTIVE,62.05,TRADEABLE,LEADING
EXPA.CA,Banking & Financials,CANDIDATE,23.1,False,MISSING,WATCH_ONLY,flow_or_market_gate=MISSING/DEFENSIVE_NO_NEW_BUY,BULLISH_WATCH,83.3,ACCUMULATION_SPIKE,IMPROVING
CIRA.CA,Education,CANDIDATE,22.76,False,MISSING,WATCH_ONLY,flow_or_market_gate=MISSING/DEFENSIVE_NO_NEW_BUY,BULLISH_WATCH,80.4,TRADEABLE,LEADING
MAAL.CA,General / Verified EGX Expansion,CANDIDATE,21.93,False,MISSING,WATCH_ONLY,flow_or_market_gate=MISSING/DEFENSIVE_NO_NEW_BUY,BULLISH_WATCH,78.0,ACCUMULATION_SPIKE,LAGGING
ALCN.CA,Transportation & Logistics,CANDIDATE,21.91,False,MISSING,WATCH_ONLY,flow_or_market_gate=MISSING/DEFENSIVE_NO_NEW_BUY,BULLISH_WATCH,78.27,TRADEABLE,IMPROVING
CANA.CA,Banking & Financials,CANDIDATE,21.56,False,MISSING,WATCH_ONLY,flow_or_market_gate=MISSING/DEFENSIVE_NO_NEW_BUY,BULLISH_WATCH,77.3,TRADEABLE,IMPROVING
CCAP.CA,Investment Holding,CANDIDATE,21.47,False,MISSING,WATCH_ONLY,flow_or_market_gate=MISSING/DEFENSIVE_NO_NEW_BUY,BULLISH_WATCH,75.68,TRADEABLE,LEADING
TALM.CA,Education,CORE,20.76,False,MISSING,WATCH_ONLY,flow_or_market_gate=MISSING/DEFENSIVE_NO_NEW_BUY,CONSTRUCTIVE,66.4,TRADEABLE,LEADING
SDTI.CA,General / Verified EGX Expansion,CANDIDATE,20.43,False,MISSING,WATCH_ONLY,flow_or_market_gate=MISSING/DEFENSIVE_NO_NEW_BUY,CONSTRUCTIVE,58.0,ACCUMULATION_SPIKE,LAGGING
EGTS.CA,Real Estate,CANDIDATE,19.83,False,MISSING,WATCH_ONLY,flow_or_market_gate=MISSING/DEFENSIVE_NO_NEW_BUY,BULLISH_WATCH,76.0,TRADEABLE,LAGGING
SNFC.CA,General / Verified EGX Expansion,CANDIDATE,18.41,False,MISSING,WATCH_ONLY,flow_or_market_gate=MISSING/DEFENSIVE_NO_NEW_BUY,CONSTRUCTIVE,62.0,TRADEABLE,LAGGING
AMOC.CA,Energy & Petrochemicals,CANDIDATE,18.3,False,MISSING,WATCH_ONLY,flow_or_market_gate=MISSING/DEFENSIVE_NO_NEW_BUY,CONSTRUCTIVE,60.24,TRADEABLE,IMPROVING
BINV.CA,Investment Holding,CORE,17.94,False,MISSING,WATCH_ONLY,flow_or_market_gate=MISSING/DEFENSIVE_NO_NEW_BUY,BULLISH_WATCH,81.68,TRADEABLE,LEADING
MPCO.CA,Agriculture & Food Production,CANDIDATE,16.71,False,MISSING,WATCH_ONLY,flow_or_market_gate=MISSING/DEFENSIVE_NO_NEW_BUY,CONSTRUCTIVE,52.0,TRADEABLE,LAGGING
ORWE.CA,Textiles,CANDIDATE,16.6,False,MISSING,WATCH_ONLY,flow_or_market_gate=MISSING/DEFENSIVE_NO_NEW_BUY,NEUTRAL,36.0,TRADEABLE,LAGGING
ABUK.CA,Basic Resources & Chemicals,CANDIDATE,16.54,False,MISSING,WATCH_ONLY,flow_or_market_gate=MISSING/DEFENSIVE_NO_NEW_BUY,NEUTRAL,47.0,TRADEABLE,LAGGING
EGAL.CA,Basic Resources & Chemicals,CANDIDATE,16.54,False,MISSING,WATCH_ONLY,flow_or_market_gate=MISSING/DEFENSIVE_NO_NEW_BUY,WEAK_OR_RISKY,30.0,TRADEABLE,LAGGING
MFPC.CA,Basic Resources & Chemicals,CANDIDATE,16.54,False,MISSING,WATCH_ONLY,flow_or_market_gate=MISSING/DEFENSIVE_NO_NEW_BUY,WEAK_OR_RISKY,25.0,TRADEABLE,LAGGING
ATQA.CA,Basic Resources & Chemicals,CANDIDATE,16.54,False,MISSING,WATCH_ONLY,flow_or_market_gate=MISSING/DEFENSIVE_NO_NEW_BUY,NEUTRAL,47.0,TRADEABLE,LAGGING
HDBK.CA,Banking & Financials,CANDIDATE,16.52,False,MISSING,WATCH_ONLY,flow_or_market_gate=MISSING/DEFENSIVE_NO_NEW_BUY,NEUTRAL,49.3,TRADEABLE,IMPROVING
MIPH.CA,Healthcare,CANDIDATE,16.24,False,MISSING,WATCH_ONLY,flow_or_market_gate=MISSING/DEFENSIVE_NO_NEW_BUY,CONSTRUCTIVE,52.0,TRADEABLE,LAGGING
AMIA.CA,General / Verified EGX Expansion,CANDIDATE,15.99,False,MISSING,WATCH_ONLY,flow_or_market_gate=MISSING/DEFENSIVE_NO_NEW_BUY,CONSTRUCTIVE,53.0,TRADEABLE,LAGGING
GBCO.CA,Automotive & Distribution,CANDIDATE,15.82,False,MISSING,WATCH_ONLY,flow_or_market_gate=MISSING/DEFENSIVE_NO_NEW_BUY;below_MA50,WEAK_OR_RISKY,31.0,TRADEABLE,LAGGING
AJWA.CA,General / Verified EGX Expansion,CANDIDATE,14.99,False,MISSING,WATCH_ONLY,flow_or_market_gate=MISSING/DEFENSIVE_NO_NEW_BUY;below_MA50,WEAK_OR_RISKY,31.0,TRADEABLE,LAGGING
CPCI.CA,General / Verified EGX Expansion,CANDIDATE,14.98,False,MISSING,WATCH_ONLY,flow_or_market_gate=MISSING/DEFENSIVE_NO_NEW_BUY,BULLISH_WATCH,74.0,ACCUMULATION_SPIKE,LAGGING
ADIB.CA,Banking & Financials,CANDIDATE,14.94,False,MISSING,WATCH_ONLY,flow_or_market_gate=MISSING/DEFENSIVE_NO_NEW_BUY;below_MA50,NEUTRAL,37.3,TRADEABLE,IMPROVING
SAUD.CA,Banking & Financials,CANDIDATE,14.52,False,MISSING,WATCH_ONLY,flow_or_market_gate=MISSING/DEFENSIVE_NO_NEW_BUY;below_MA50,WEAK_OR_RISKY,4.3,TRADEABLE,IMPROVING
EFIH.CA,Fintech & Payments,CANDIDATE,14.5,False,MISSING,WATCH_ONLY,flow_or_market_gate=MISSING/DEFENSIVE_NO_NEW_BUY;below_MA50,WEAK_OR_RISKY,8.29,TRADEABLE,IMPROVING
EGSA.CA,Telecommunications,DISABLED,14.43,False,MISSING,WATCH_ONLY,flow_or_market_gate=MISSING/DEFENSIVE_NO_NEW_BUY;liquidity_below_min;below_MA50,WEAK_OR_RISKY,25.05,THIN,LEADING
EGAS.CA,Energy & Petrochemicals,CANDIDATE,14.08,False,MISSING,WATCH_ONLY,flow_or_market_gate=MISSING/DEFENSIVE_NO_NEW_BUY;below_MA50,NEUTRAL,39.24,TRADEABLE,IMPROVING
CICH.CA,Non-bank Financial Services,CANDIDATE,13.92,False,MISSING,WATCH_ONLY,flow_or_market_gate=MISSING/DEFENSIVE_NO_NEW_BUY;below_MA50,WEAK_OR_RISKY,20.0,ACCUMULATION_SPIKE,LAGGING
KABO.CA,Textiles,CANDIDATE,13.6,False,MISSING,WATCH_ONLY,flow_or_market_gate=MISSING/DEFENSIVE_NO_NEW_BUY;below_MA50,WEAK_OR_RISKY,25.0,TRADEABLE,LAGGING
EGCH.CA,Basic Resources & Chemicals,CANDIDATE,13.54,False,MISSING,WATCH_ONLY,flow_or_market_gate=MISSING/DEFENSIVE_NO_NEW_BUY;below_MA50,WEAK_OR_RISKY,25.0,TRADEABLE,LAGGING
HELI.CA,Real Estate,CANDIDATE,12.83,False,MISSING,WATCH_ONLY,flow_or_market_gate=MISSING/DEFENSIVE_NO_NEW_BUY;below_MA50,WEAK_OR_RISKY,8.0,TRADEABLE,LAGGING
NIPH.CA,Healthcare,CANDIDATE,12.68,False,MISSING,WATCH_ONLY,flow_or_market_gate=MISSING/DEFENSIVE_NO_NEW_BUY;below_MA50,WEAK_OR_RISKY,14.0,TRADEABLE,LAGGING
SPMD.CA,General / Verified EGX Expansion,CANDIDATE,11.99,False,MISSING,WATCH_ONLY,flow_or_market_gate=MISSING/DEFENSIVE_NO_NEW_BUY;below_MA50,WEAK_OR_RISKY,14.0,TRADEABLE,LAGGING
AXPH.CA,General / Verified EGX Expansion,CANDIDATE,11.3,False,MISSING,WATCH_ONLY,flow_or_market_gate=MISSING/DEFENSIVE_NO_NEW_BUY,WEAK_OR_RISKY,32.0,TRADEABLE,LAGGING
ICID.CA,General / Verified EGX Expansion,CANDIDATE,11.22,False,MISSING,WATCH_ONLY,flow_or_market_gate=MISSING/DEFENSIVE_NO_NEW_BUY,WEAK_OR_RISKY,31.0,TRADEABLE,LAGGING
KZPC.CA,General / Verified EGX Expansion,CANDIDATE,10.03,False,MISSING,WATCH_ONLY,flow_or_market_gate=MISSING/DEFENSIVE_NO_NEW_BUY,CONSTRUCTIVE,53.0,TRADEABLE,LAGGING
ROTO.CA,General / Verified EGX Expansion,CANDIDATE,9.87,False,MISSING,WATCH_ONLY,flow_or_market_gate=MISSING/DEFENSIVE_NO_NEW_BUY;below_MA50,WEAK_OR_RISKY,22.0,ACCUMULATION_SPIKE,LAGGING
CCRS.CA,General / Verified EGX Expansion,CANDIDATE,9.64,False,MISSING,WATCH_ONLY,flow_or_market_gate=MISSING/DEFENSIVE_NO_NEW_BUY;below_MA50,WEAK_OR_RISKY,3.0,TRADEABLE,LAGGING
COMI.CA,Banking & Financials,CANDIDATE,9.52,False,MISSING,WATCH_ONLY,flow_or_market_gate=MISSING/DEFENSIVE_NO_NEW_BUY;below_MA50,WEAK_OR_RISKY,6.3,TRADEABLE,IMPROVING
MOIL.CA,Energy & Petrochemicals,DISABLED,9.47,False,MISSING,WATCH_ONLY,flow_or_market_gate=MISSING/DEFENSIVE_NO_NEW_BUY;liquidity_below_min,WEAK_OR_RISKY,18.24,THIN,IMPROVING
CSAG.CA,Transportation & Logistics,CANDIDATE,9.24,False,MISSING,WATCH_ONLY,flow_or_market_gate=MISSING/DEFENSIVE_NO_NEW_BUY;below_MA50,WEAK_OR_RISKY,12.27,TRADEABLE,IMPROVING
EEII.CA,General / Verified EGX Expansion,CANDIDATE,9.05,False,MISSING,WATCH_ONLY,flow_or_market_gate=MISSING/DEFENSIVE_NO_NEW_BUY;below_MA50,WEAK_OR_RISKY,5.0,TRADEABLE,LAGGING
MOIN.CA,General / Verified EGX Expansion,CANDIDATE,8.66,False,MISSING,WATCH_ONLY,flow_or_market_gate=MISSING/DEFENSIVE_NO_NEW_BUY,WEAK_OR_RISKY,33.0,TRADEABLE,LAGGING
MPRC.CA,General / Verified EGX Expansion,CANDIDATE,8.55,False,MISSING,WATCH_ONLY,flow_or_market_gate=MISSING/DEFENSIVE_NO_NEW_BUY;below_MA50,WEAK_OR_RISKY,10.0,TRADEABLE,LAGGING
LCSW.CA,Building Materials,CANDIDATE,8.49,False,MISSING,WATCH_ONLY,flow_or_market_gate=MISSING/DEFENSIVE_NO_NEW_BUY;below_MA50,WEAK_OR_RISKY,5.0,TRADEABLE,LAGGING
ARCC.CA,Building Materials,CANDIDATE,8.49,False,MISSING,WATCH_ONLY,flow_or_market_gate=MISSING/DEFENSIVE_NO_NEW_BUY;below_MA50,WEAK_OR_RISKY,5.0,TRADEABLE,LAGGING
SCEM.CA,Building Materials,CANDIDATE,8.49,False,MISSING,WATCH_ONLY,flow_or_market_gate=MISSING/DEFENSIVE_NO_NEW_BUY;below_MA50,WEAK_OR_RISKY,5.0,TRADEABLE,LAGGING
ACGC.CA,Textiles,CANDIDATE,8.31,False,MISSING,WATCH_ONLY,flow_or_market_gate=MISSING/DEFENSIVE_NO_NEW_BUY,WEAK_OR_RISKY,27.0,TRADEABLE,LAGGING
EFID.CA,"Food, Beverages & Tobacco",CANDIDATE,8.22,False,MISSING,WATCH_ONLY,flow_or_market_gate=MISSING/DEFENSIVE_NO_NEW_BUY;below_MA50,WEAK_OR_RISKY,10.0,TRADEABLE,LAGGING
FWRY.CA,Fintech & Payments,CANDIDATE,8.12,False,MISSING,WATCH_ONLY,flow_or_market_gate=MISSING/DEFENSIVE_NO_NEW_BUY;below_MA50,WEAK_OR_RISKY,6.29,TRADEABLE,IMPROVING
OLFI.CA,"Food, Beverages & Tobacco",CANDIDATE,8.0,False,MISSING,WATCH_ONLY,flow_or_market_gate=MISSING/DEFENSIVE_NO_NEW_BUY;below_MA50,WEAK_OR_RISKY,5.0,TRADEABLE,LAGGING
EOSB.CA,General / Verified EGX Expansion,DISABLED,8.0,False,MISSING,WATCH_ONLY,flow_or_market_gate=MISSING/DEFENSIVE_NO_NEW_BUY;liquidity_below_min,WEAK_OR_RISKY,20.0,THIN,LAGGING
MASR.CA,General / Verified EGX Expansion,CORE,7.99,False,MISSING,WATCH_ONLY,flow_or_market_gate=MISSING/DEFENSIVE_NO_NEW_BUY;below_MA50,WEAK_OR_RISKY,5.0,TRADEABLE,LAGGING
ASPI.CA,General / Verified EGX Expansion,CANDIDATE,7.99,False,MISSING,WATCH_ONLY,flow_or_market_gate=MISSING/DEFENSIVE_NO_NEW_BUY;below_MA50,WEAK_OR_RISKY,5.0,TRADEABLE,LAGGING
BIOC.CA,General / Verified EGX Expansion,CANDIDATE,7.99,False,MISSING,WATCH_ONLY,flow_or_market_gate=MISSING/DEFENSIVE_NO_NEW_BUY;below_MA50,WEAK_OR_RISKY,5.0,TRADEABLE,LAGGING
CERA.CA,General / Verified EGX Expansion,CANDIDATE,7.99,False,MISSING,WATCH_ONLY,flow_or_market_gate=MISSING/DEFENSIVE_NO_NEW_BUY;below_MA50,WEAK_OR_RISKY,11.0,TRADEABLE,LAGGING
COPR.CA,General / Verified EGX Expansion,CANDIDATE,7.99,False,MISSING,WATCH_ONLY,flow_or_market_gate=MISSING/DEFENSIVE_NO_NEW_BUY;below_MA50,WEAK_OR_RISKY,5.0,TRADEABLE,LAGGING
DAPH.CA,General / Verified EGX Expansion,CANDIDATE,7.99,False,MISSING,WATCH_ONLY,flow_or_market_gate=MISSING/DEFENSIVE_NO_NEW_BUY;below_MA50,WEAK_OR_RISKY,5.0,TRADEABLE,LAGGING
EHDR.CA,General / Verified EGX Expansion,CANDIDATE,7.99,False,MISSING,WATCH_ONLY,flow_or_market_gate=MISSING/DEFENSIVE_NO_NEW_BUY;below_MA50,WEAK_OR_RISKY,5.0,TRADEABLE,LAGGING
ELSH.CA,General / Verified EGX Expansion,CANDIDATE,7.99,False,MISSING,WATCH_ONLY,flow_or_market_gate=MISSING/DEFENSIVE_NO_NEW_BUY;below_MA50,WEAK_OR_RISKY,10.0,TRADEABLE,LAGGING
ENGC.CA,General / Verified EGX Expansion,CANDIDATE,7.99,False,MISSING,WATCH_ONLY,flow_or_market_gate=MISSING/DEFENSIVE_NO_NEW_BUY;below_MA50,WEAK_OR_RISKY,5.0,TRADEABLE,LAGGING
IDRE.CA,General / Verified EGX Expansion,CANDIDATE,7.99,False,MISSING,WATCH_ONLY,flow_or_market_gate=MISSING/DEFENSIVE_NO_NEW_BUY;below_MA50,WEAK_OR_RISKY,11.0,TRADEABLE,LAGGING
MCRO.CA,General / Verified EGX Expansion,CANDIDATE,7.99,False,MISSING,WATCH_ONLY,flow_or_market_gate=MISSING/DEFENSIVE_NO_NEW_BUY;below_MA50,WEAK_OR_RISKY,5.0,TRADEABLE,LAGGING
MICH.CA,General / Verified EGX Expansion,CANDIDATE,7.99,False,MISSING,WATCH_ONLY,flow_or_market_gate=MISSING/DEFENSIVE_NO_NEW_BUY;below_MA50,WEAK_OR_RISKY,10.0,TRADEABLE,LAGGING
MPCI.CA,General / Verified EGX Expansion,CANDIDATE,7.99,False,MISSING,WATCH_ONLY,flow_or_market_gate=MISSING/DEFENSIVE_NO_NEW_BUY;below_MA50,WEAK_OR_RISKY,10.0,TRADEABLE,LAGGING
NINH.CA,General / Verified EGX Expansion,CANDIDATE,7.99,False,MISSING,WATCH_ONLY,flow_or_market_gate=MISSING/DEFENSIVE_NO_NEW_BUY;below_MA50,WEAK_OR_RISKY,10.0,TRADEABLE,LAGGING
SVCE.CA,General / Verified EGX Expansion,CANDIDATE,7.99,False,MISSING,WATCH_ONLY,flow_or_market_gate=MISSING/DEFENSIVE_NO_NEW_BUY;below_MA50,WEAK_OR_RISKY,11.0,TRADEABLE,LAGGING
EMFD.CA,Real Estate,CANDIDATE,7.83,False,MISSING,WATCH_ONLY,flow_or_market_gate=MISSING/DEFENSIVE_NO_NEW_BUY;below_MA50,WEAK_OR_RISKY,5.0,TRADEABLE,LAGGING
OCDI.CA,Real Estate,CANDIDATE,7.83,False,MISSING,WATCH_ONLY,flow_or_market_gate=MISSING/DEFENSIVE_NO_NEW_BUY;below_MA50,WEAK_OR_RISKY,5.0,TRADEABLE,LAGGING
ORHD.CA,Real Estate,CANDIDATE,7.83,False,MISSING,WATCH_ONLY,flow_or_market_gate=MISSING/DEFENSIVE_NO_NEW_BUY;below_MA50,WEAK_OR_RISKY,5.0,TRADEABLE,LAGGING
PHDC.CA,Real Estate,CANDIDATE,7.83,False,MISSING,WATCH_ONLY,flow_or_market_gate=MISSING/DEFENSIVE_NO_NEW_BUY;below_MA50,WEAK_OR_RISKY,5.0,TRADEABLE,LAGGING
ZMID.CA,Real Estate,CANDIDATE,7.83,False,MISSING,WATCH_ONLY,flow_or_market_gate=MISSING/DEFENSIVE_NO_NEW_BUY;below_MA50,WEAK_OR_RISKY,5.0,TRADEABLE,LAGGING
PRDC.CA,Real Estate,CANDIDATE,7.83,False,MISSING,WATCH_ONLY,flow_or_market_gate=MISSING/DEFENSIVE_NO_NEW_BUY;below_MA50,WEAK_OR_RISKY,11.0,TRADEABLE,LAGGING
ETRS.CA,General / Verified EGX Expansion,CANDIDATE,7.83,False,MISSING,WATCH_ONLY,flow_or_market_gate=MISSING/DEFENSIVE_NO_NEW_BUY;below_MA50,WEAK_OR_RISKY,5.0,TRADEABLE,LAGGING
MTIE.CA,Automotive & Distribution,CANDIDATE,7.82,False,MISSING,WATCH_ONLY,flow_or_market_gate=MISSING/DEFENSIVE_NO_NEW_BUY;below_MA50,WEAK_OR_RISKY,5.0,TRADEABLE,LAGGING
ASCM.CA,General / Verified EGX Expansion,CANDIDATE,7.71,False,MISSING,WATCH_ONLY,flow_or_market_gate=MISSING/DEFENSIVE_NO_NEW_BUY;below_MA50,WEAK_OR_RISKY,5.0,TRADEABLE,LAGGING
CLHO.CA,Healthcare,CANDIDATE,7.68,False,MISSING,WATCH_ONLY,flow_or_market_gate=MISSING/DEFENSIVE_NO_NEW_BUY;below_MA50,WEAK_OR_RISKY,5.0,TRADEABLE,LAGGING
ISPH.CA,Healthcare,CANDIDATE,7.68,False,MISSING,WATCH_ONLY,flow_or_market_gate=MISSING/DEFENSIVE_NO_NEW_BUY;below_MA50,WEAK_OR_RISKY,10.0,TRADEABLE,LAGGING
RMDA.CA,Healthcare,CANDIDATE,7.68,False,MISSING,WATCH_ONLY,flow_or_market_gate=MISSING/DEFENSIVE_NO_NEW_BUY;below_MA50,WEAK_OR_RISKY,5.0,TRADEABLE,LAGGING
PHAR.CA,Healthcare,CANDIDATE,7.68,False,MISSING,WATCH_ONLY,flow_or_market_gate=MISSING/DEFENSIVE_NO_NEW_BUY;below_MA50,WEAK_OR_RISKY,5.0,TRADEABLE,LAGGING
SUGR.CA,"Food, Beverages & Tobacco",CANDIDATE,7.65,False,MISSING,WATCH_ONLY,flow_or_market_gate=MISSING/DEFENSIVE_NO_NEW_BUY;below_MA50,WEAK_OR_RISKY,3.0,TRADEABLE,LAGGING
SKPC.CA,Basic Resources & Chemicals,CANDIDATE,7.54,False,MISSING,WATCH_ONLY,flow_or_market_gate=MISSING/DEFENSIVE_NO_NEW_BUY;below_MA50,WEAK_OR_RISKY,0.0,TRADEABLE,LAGGING
IRON.CA,Basic Resources & Chemicals,CANDIDATE,7.54,False,MISSING,WATCH_ONLY,flow_or_market_gate=MISSING/DEFENSIVE_NO_NEW_BUY;below_MA50,WEAK_OR_RISKY,5.0,TRADEABLE,LAGGING
EFIC.CA,Basic Resources & Chemicals,CANDIDATE,7.54,False,MISSING,WATCH_ONLY,flow_or_market_gate=MISSING/DEFENSIVE_NO_NEW_BUY;below_MA50,WEAK_OR_RISKY,0.0,TRADEABLE,LAGGING
SWDY.CA,Industrial Goods & Cables,CANDIDATE,7.52,False,MISSING,WATCH_ONLY,flow_or_market_gate=MISSING/DEFENSIVE_NO_NEW_BUY;below_MA50,WEAK_OR_RISKY,10.0,TRADEABLE,LAGGING
RAYA.CA,Technology & Distribution,CANDIDATE,7.4,False,MISSING,WATCH_ONLY,flow_or_market_gate=MISSING/DEFENSIVE_NO_NEW_BUY;below_MA50,WEAK_OR_RISKY,10.0,TRADEABLE,LAGGING
ATLC.CA,Non-bank Financial Services,CANDIDATE,7.4,False,MISSING,WATCH_ONLY,flow_or_market_gate=MISSING/DEFENSIVE_NO_NEW_BUY;below_MA50,WEAK_OR_RISKY,11.0,TRADEABLE,LAGGING
BTFH.CA,Non-bank Financial Services,CANDIDATE,7.26,False,MISSING,WATCH_ONLY,flow_or_market_gate=MISSING/DEFENSIVE_NO_NEW_BUY;below_MA50,WEAK_OR_RISKY,5.0,TRADEABLE,LAGGING
EAST.CA,"Food, Beverages & Tobacco",CANDIDATE,7.22,False,MISSING,WATCH_ONLY,flow_or_market_gate=MISSING/DEFENSIVE_NO_NEW_BUY;below_MA50,WEAK_OR_RISKY,5.0,TRADEABLE,LAGGING
JUFO.CA,"Food, Beverages & Tobacco",CANDIDATE,7.22,False,MISSING,WATCH_ONLY,flow_or_market_gate=MISSING/DEFENSIVE_NO_NEW_BUY;below_MA50,WEAK_OR_RISKY,5.0,TRADEABLE,LAGGING
IFAP.CA,Agriculture & Food Production,CANDIDATE,7.19,False,MISSING,WATCH_ONLY,flow_or_market_gate=MISSING/DEFENSIVE_NO_NEW_BUY;below_MA50,WEAK_OR_RISKY,0.0,TRADEABLE,LAGGING
OIH.CA,Investment Holding,DISABLED,7.13,False,MISSING,WATCH_ONLY,flow_or_market_gate=MISSING/DEFENSIVE_NO_NEW_BUY;price_not_fresh;below_MA50,WEAK_OR_RISKY,0.0,TRADEABLE,LEADING
AREH.CA,General / Verified EGX Expansion,CANDIDATE,7.11,False,MISSING,WATCH_ONLY,flow_or_market_gate=MISSING/DEFENSIVE_NO_NEW_BUY;below_MA50,WEAK_OR_RISKY,5.0,TRADEABLE,LAGGING
MHOT.CA,Tourism & Leisure,DISABLED,7.07,False,MISSING,WATCH_ONLY,flow_or_market_gate=MISSING/DEFENSIVE_NO_NEW_BUY;price_not_fresh;below_MA50,WEAK_OR_RISKY,0.0,ACCUMULATION_SPIKE,IMPROVING
ADPC.CA,General / Verified EGX Expansion,CANDIDATE,6.99,False,MISSING,WATCH_ONLY,flow_or_market_gate=MISSING/DEFENSIVE_NO_NEW_BUY;below_MA50,WEAK_OR_RISKY,0.0,TRADEABLE,LAGGING
COSG.CA,General / Verified EGX Expansion,CANDIDATE,6.99,False,MISSING,WATCH_ONLY,flow_or_market_gate=MISSING/DEFENSIVE_NO_NEW_BUY;below_MA50,WEAK_OR_RISKY,0.0,TRADEABLE,LAGGING
DSCW.CA,General / Verified EGX Expansion,CANDIDATE,6.99,False,MISSING,WATCH_ONLY,flow_or_market_gate=MISSING/DEFENSIVE_NO_NEW_BUY;below_MA50,WEAK_OR_RISKY,5.0,TRADEABLE,LAGGING
ELKA.CA,General / Verified EGX Expansion,CANDIDATE,6.99,False,MISSING,WATCH_ONLY,flow_or_market_gate=MISSING/DEFENSIVE_NO_NEW_BUY;below_MA50,WEAK_OR_RISKY,0.0,TRADEABLE,LAGGING
GDWA.CA,General / Verified EGX Expansion,CANDIDATE,6.99,False,MISSING,WATCH_ONLY,flow_or_market_gate=MISSING/DEFENSIVE_NO_NEW_BUY;below_MA50,WEAK_OR_RISKY,0.0,TRADEABLE,LAGGING
MOED.CA,General / Verified EGX Expansion,CANDIDATE,6.99,False,MISSING,WATCH_ONLY,flow_or_market_gate=MISSING/DEFENSIVE_NO_NEW_BUY;below_MA50,WEAK_OR_RISKY,0.0,TRADEABLE,LAGGING
UEGC.CA,General / Verified EGX Expansion,CANDIDATE,6.99,False,MISSING,WATCH_ONLY,flow_or_market_gate=MISSING/DEFENSIVE_NO_NEW_BUY;below_MA50,WEAK_OR_RISKY,0.0,TRADEABLE,LAGGING
ODIN.CA,General / Verified EGX Expansion,CANDIDATE,6.97,False,MISSING,WATCH_ONLY,flow_or_market_gate=MISSING/DEFENSIVE_NO_NEW_BUY;below_MA50,WEAK_OR_RISKY,5.0,TRADEABLE,LAGGING
AFMC.CA,General / Verified EGX Expansion,CANDIDATE,6.95,False,MISSING,WATCH_ONLY,flow_or_market_gate=MISSING/DEFENSIVE_NO_NEW_BUY;below_MA50,WEAK_OR_RISKY,5.0,TRADEABLE,LAGGING
TMGH.CA,Real Estate,CANDIDATE,6.83,False,MISSING,WATCH_ONLY,flow_or_market_gate=MISSING/DEFENSIVE_NO_NEW_BUY;below_MA50,WEAK_OR_RISKY,5.0,TRADEABLE,LAGGING
ARAB.CA,Real Estate,CANDIDATE,6.83,False,MISSING,WATCH_ONLY,flow_or_market_gate=MISSING/DEFENSIVE_NO_NEW_BUY;below_MA50,WEAK_OR_RISKY,6.0,TRADEABLE,LAGGING
UNIT.CA,Real Estate,CANDIDATE,6.74,False,MISSING,WATCH_ONLY,flow_or_market_gate=MISSING/DEFENSIVE_NO_NEW_BUY;below_MA50,WEAK_OR_RISKY,9.0,TRADEABLE,LAGGING
HRHO.CA,Non-bank Financial Services,CANDIDATE,6.54,False,MISSING,WATCH_ONLY,flow_or_market_gate=MISSING/DEFENSIVE_NO_NEW_BUY;below_MA50,WEAK_OR_RISKY,5.0,TRADEABLE,LAGGING
MEPA.CA,General / Verified EGX Expansion,CANDIDATE,6.54,False,MISSING,WATCH_ONLY,flow_or_market_gate=MISSING/DEFENSIVE_NO_NEW_BUY;below_MA50,WEAK_OR_RISKY,0.0,TRADEABLE,LAGGING
CNFN.CA,Non-bank Financial Services,CANDIDATE,6.4,False,MISSING,WATCH_ONLY,flow_or_market_gate=MISSING/DEFENSIVE_NO_NEW_BUY;below_MA50,WEAK_OR_RISKY,5.0,TRADEABLE,LAGGING
ELEC.CA,Industrial Goods & Cables,CANDIDATE,6.4,False,MISSING,WATCH_ONLY,flow_or_market_gate=MISSING/DEFENSIVE_NO_NEW_BUY;below_MA50,WEAK_OR_RISKY,0.0,TRADEABLE,LAGGING
UNIP.CA,General / Verified EGX Expansion,CANDIDATE,6.32,False,MISSING,WATCH_ONLY,flow_or_market_gate=MISSING/DEFENSIVE_NO_NEW_BUY;below_MA50,WEAK_OR_RISKY,5.0,TRADEABLE,LAGGING
NHPS.CA,General / Verified EGX Expansion,CANDIDATE,6.18,False,MISSING,WATCH_ONLY,flow_or_market_gate=MISSING/DEFENSIVE_NO_NEW_BUY;below_MA50,WEAK_OR_RISKY,5.0,TRADEABLE,LAGGING
CIEB.CA,Banking & Financials,CANDIDATE,6.12,False,MISSING,WATCH_ONLY,flow_or_market_gate=MISSING/DEFENSIVE_NO_NEW_BUY;below_MA50,WEAK_OR_RISKY,6.3,TRADEABLE,IMPROVING
NAHO.CA,General / Verified EGX Expansion,DISABLED,6.0,False,MISSING,WATCH_ONLY,flow_or_market_gate=MISSING/DEFENSIVE_NO_NEW_BUY;liquidity_below_min,WEAK_OR_RISKY,18.0,THIN,LAGGING
DEIN.CA,General / Verified EGX Expansion,DISABLED,5.99,False,MISSING,WATCH_ONLY,flow_or_market_gate=MISSING/DEFENSIVE_NO_NEW_BUY;liquidity_below_min;below_MA50,WEAK_OR_RISKY,15.0,THIN,LAGGING
FAIT.CA,Banking & Financials,CANDIDATE,5.59,False,MISSING,WATCH_ONLY,flow_or_market_gate=MISSING/DEFENSIVE_NO_NEW_BUY,WEAK_OR_RISKY,34.3,TRADEABLE,IMPROVING
EASB.CA,General / Verified EGX Expansion,CANDIDATE,5.56,False,MISSING,WATCH_ONLY,flow_or_market_gate=MISSING/DEFENSIVE_NO_NEW_BUY;below_MA50,WEAK_OR_RISKY,25.0,TRADEABLE,LAGGING
POUL.CA,"Food, Beverages & Tobacco",DISABLED,5.5,False,MISSING,WATCH_ONLY,flow_or_market_gate=MISSING/DEFENSIVE_NO_NEW_BUY;price_not_fresh;below_MA50,WEAK_OR_RISKY,0.0,ACCUMULATION_SPIKE,LAGGING
AFDI.CA,General / Verified EGX Expansion,CANDIDATE,5.44,False,MISSING,WATCH_ONLY,flow_or_market_gate=MISSING/DEFENSIVE_NO_NEW_BUY;below_MA50,WEAK_OR_RISKY,3.0,TRADEABLE,LAGGING
GGCC.CA,General / Verified EGX Expansion,CANDIDATE,4.84,False,MISSING,WATCH_ONLY,flow_or_market_gate=MISSING/DEFENSIVE_NO_NEW_BUY;below_MA50,WEAK_OR_RISKY,5.0,TRADEABLE,LAGGING
GTWL.CA,General / Verified EGX Expansion,DISABLED,4.69,False,MISSING,WATCH_ONLY,flow_or_market_gate=MISSING/DEFENSIVE_NO_NEW_BUY;price_not_fresh;below_MA50,WEAK_OR_RISKY,0.0,ACCUMULATION_SPIKE,LAGGING
ORAS.CA,Industrial Goods & Construction,DISABLED,4.6,False,MISSING,WATCH_ONLY,flow_or_market_gate=MISSING/DEFENSIVE_NO_NEW_BUY;price_not_fresh;below_MA50,WEAK_OR_RISKY,0.0,TRADEABLE,IMPROVING
EGBE.CA,Banking & Financials,DISABLED,4.57,False,MISSING,WATCH_ONLY,flow_or_market_gate=MISSING/DEFENSIVE_NO_NEW_BUY;liquidity_below_min;below_MA50,WEAK_OR_RISKY,0.0,THIN,IMPROVING
PHTV.CA,General / Verified EGX Expansion,CANDIDATE,4.57,False,MISSING,WATCH_ONLY,flow_or_market_gate=MISSING/DEFENSIVE_NO_NEW_BUY;below_MA50,NEUTRAL,36.0,TRADEABLE,LAGGING
ISMQ.CA,Basic Resources & Chemicals,DISABLED,4.48,False,MISSING,WATCH_ONLY,flow_or_market_gate=MISSING/DEFENSIVE_NO_NEW_BUY;price_not_fresh;below_MA50,WEAK_OR_RISKY,0.0,TRADEABLE,LAGGING
ALUM.CA,General / Verified EGX Expansion,CANDIDATE,4.39,False,MISSING,WATCH_ONLY,flow_or_market_gate=MISSING/DEFENSIVE_NO_NEW_BUY;below_MA50,WEAK_OR_RISKY,10.0,TRADEABLE,LAGGING
MCQE.CA,Building Materials,DISABLED,4.27,False,MISSING,WATCH_ONLY,flow_or_market_gate=MISSING/DEFENSIVE_NO_NEW_BUY;price_not_fresh;below_MA50,WEAK_OR_RISKY,0.0,TRADEABLE,LAGGING
PRCL.CA,Building Materials,DISABLED,4.09,False,MISSING,WATCH_ONLY,flow_or_market_gate=MISSING/DEFENSIVE_NO_NEW_BUY;price_not_fresh;below_MA50,WEAK_OR_RISKY,0.0,TRADEABLE,LAGGING
EPCO.CA,General / Verified EGX Expansion,CORE,4.06,False,MISSING,WATCH_ONLY,flow_or_market_gate=MISSING/DEFENSIVE_NO_NEW_BUY;below_MA50,WEAK_OR_RISKY,5.0,TRADEABLE,LAGGING
GRCA.CA,General / Verified EGX Expansion,CANDIDATE,3.91,False,MISSING,WATCH_ONLY,flow_or_market_gate=MISSING/DEFENSIVE_NO_NEW_BUY;below_MA50,WEAK_OR_RISKY,0.0,TRADEABLE,LAGGING
SCTS.CA,Education,DISABLED,3.76,False,MISSING,WATCH_ONLY,flow_or_market_gate=MISSING/DEFENSIVE_NO_NEW_BUY;liquidity_below_min;below_MA50,WEAK_OR_RISKY,0.0,THIN,LEADING
FAITA.CA,Banking & Financials,DISABLED,3.56,False,MISSING,WATCH_ONLY,flow_or_market_gate=MISSING/DEFENSIVE_NO_NEW_BUY;liquidity_below_min;below_MA50,WEAK_OR_RISKY,0.0,THIN,IMPROVING
MBSC.CA,Building Materials,DISABLED,3.49,False,MISSING,WATCH_ONLY,flow_or_market_gate=MISSING/DEFENSIVE_NO_NEW_BUY;price_not_fresh;below_MA50,WEAK_OR_RISKY,0.0,TRADEABLE,LAGGING
NCCW.CA,General / Verified EGX Expansion,DISABLED,3.45,False,MISSING,WATCH_ONLY,flow_or_market_gate=MISSING/DEFENSIVE_NO_NEW_BUY;price_not_fresh;below_MA50,WEAK_OR_RISKY,0.0,TRADEABLE,LAGGING
SPIN.CA,Textiles,CANDIDATE,3.39,False,MISSING,WATCH_ONLY,flow_or_market_gate=MISSING/DEFENSIVE_NO_NEW_BUY;below_MA50,WEAK_OR_RISKY,5.0,TRADEABLE,LAGGING
RACC.CA,General / Verified EGX Expansion,CANDIDATE,3.12,False,MISSING,WATCH_ONLY,flow_or_market_gate=MISSING/DEFENSIVE_NO_NEW_BUY;below_MA50,WEAK_OR_RISKY,0.0,TRADEABLE,LAGGING
ACAMD.CA,General / Verified EGX Expansion,DISABLED,2.99,False,MISSING,WATCH_ONLY,flow_or_market_gate=MISSING/DEFENSIVE_NO_NEW_BUY;price_not_fresh;below_MA50,WEAK_OR_RISKY,0.0,TRADEABLE,LAGGING
AMES.CA,General / Verified EGX Expansion,DISABLED,2.99,False,MISSING,WATCH_ONLY,flow_or_market_gate=MISSING/DEFENSIVE_NO_NEW_BUY;price_not_fresh;below_MA50,WEAK_OR_RISKY,0.0,TRADEABLE,LAGGING
DTPP.CA,General / Verified EGX Expansion,DISABLED,2.99,False,MISSING,WATCH_ONLY,flow_or_market_gate=MISSING/DEFENSIVE_NO_NEW_BUY;price_not_fresh;below_MA50,WEAK_OR_RISKY,0.0,TRADEABLE,LAGGING
GIHD.CA,General / Verified EGX Expansion,DISABLED,2.99,False,MISSING,WATCH_ONLY,flow_or_market_gate=MISSING/DEFENSIVE_NO_NEW_BUY;price_not_fresh;below_MA50,WEAK_OR_RISKY,0.0,TRADEABLE,LAGGING
KWIN.CA,General / Verified EGX Expansion,DISABLED,2.99,False,MISSING,WATCH_ONLY,flow_or_market_gate=MISSING/DEFENSIVE_NO_NEW_BUY;price_not_fresh;below_MA50,WEAK_OR_RISKY,0.0,TRADEABLE,LAGGING
LUTS.CA,General / Verified EGX Expansion,DISABLED,2.99,False,MISSING,WATCH_ONLY,flow_or_market_gate=MISSING/DEFENSIVE_NO_NEW_BUY;price_not_fresh;below_MA50,WEAK_OR_RISKY,0.0,TRADEABLE,LAGGING
OBRI.CA,General / Verified EGX Expansion,DISABLED,2.99,False,MISSING,WATCH_ONLY,flow_or_market_gate=MISSING/DEFENSIVE_NO_NEW_BUY;price_not_fresh;below_MA50,WEAK_OR_RISKY,0.0,TRADEABLE,LAGGING
OFH.CA,General / Verified EGX Expansion,DISABLED,2.99,False,MISSING,WATCH_ONLY,flow_or_market_gate=MISSING/DEFENSIVE_NO_NEW_BUY;price_not_fresh;below_MA50,WEAK_OR_RISKY,0.0,TRADEABLE,LAGGING
RUBX.CA,General / Verified EGX Expansion,DISABLED,2.99,False,MISSING,WATCH_ONLY,flow_or_market_gate=MISSING/DEFENSIVE_NO_NEW_BUY;price_not_fresh;below_MA50,WEAK_OR_RISKY,0.0,TRADEABLE,LAGGING
SIPC.CA,General / Verified EGX Expansion,DISABLED,2.99,False,MISSING,WATCH_ONLY,flow_or_market_gate=MISSING/DEFENSIVE_NO_NEW_BUY;price_not_fresh;below_MA50,WEAK_OR_RISKY,0.0,TRADEABLE,LAGGING
AMER.CA,Real Estate,DISABLED,2.83,False,MISSING,WATCH_ONLY,flow_or_market_gate=MISSING/DEFENSIVE_NO_NEW_BUY;price_not_fresh;below_MA50,WEAK_OR_RISKY,0.0,TRADEABLE,LAGGING
ISMA.CA,General / Verified EGX Expansion,DISABLED,2.43,False,MISSING,WATCH_ONLY,flow_or_market_gate=MISSING/DEFENSIVE_NO_NEW_BUY;price_not_fresh;below_MA50,WEAK_OR_RISKY,0.0,TRADEABLE,LAGGING
AALR.CA,General / Verified EGX Expansion,DISABLED,2.24,False,MISSING,WATCH_ONLY,flow_or_market_gate=MISSING/DEFENSIVE_NO_NEW_BUY;price_not_fresh;below_MA50,WEAK_OR_RISKY,0.0,TRADEABLE,LAGGING
INFI.CA,General / Verified EGX Expansion,DISABLED,2.24,False,MISSING,WATCH_ONLY,flow_or_market_gate=MISSING/DEFENSIVE_NO_NEW_BUY;price_not_fresh;below_MA50,WEAK_OR_RISKY,0.0,TRADEABLE,LAGGING
WKOL.CA,General / Verified EGX Expansion,CANDIDATE,2.1,False,MISSING,WATCH_ONLY,flow_or_market_gate=MISSING/DEFENSIVE_NO_NEW_BUY;below_MA50,WEAK_OR_RISKY,0.0,TRADEABLE,LAGGING
EALR.CA,General / Verified EGX Expansion,CANDIDATE,1.81,False,MISSING,WATCH_ONLY,flow_or_market_gate=MISSING/DEFENSIVE_NO_NEW_BUY;below_MA50,WEAK_OR_RISKY,0.0,TRADEABLE,LAGGING
OCPH.CA,General / Verified EGX Expansion,CANDIDATE,1.63,False,MISSING,WATCH_ONLY,flow_or_market_gate=MISSING/DEFENSIVE_NO_NEW_BUY;below_MA50,WEAK_OR_RISKY,0.0,TRADEABLE,LAGGING
ECAP.CA,General / Verified EGX Expansion,CANDIDATE,1.22,False,MISSING,WATCH_ONLY,flow_or_market_gate=MISSING/DEFENSIVE_NO_NEW_BUY;below_MA50,WEAK_OR_RISKY,0.0,TRADEABLE,LAGGING
FERC.CA,Basic Resources & Chemicals,CANDIDATE,1.21,False,MISSING,WATCH_ONLY,flow_or_market_gate=MISSING/DEFENSIVE_NO_NEW_BUY;below_MA50,WEAK_OR_RISKY,0.0,TRADEABLE,LAGGING
MFSC.CA,General / Verified EGX Expansion,CANDIDATE,1.15,False,MISSING,WATCH_ONLY,flow_or_market_gate=MISSING/DEFENSIVE_NO_NEW_BUY;below_MA50,WEAK_OR_RISKY,11.0,TRADEABLE,LAGGING
PRMH.CA,General / Verified EGX Expansion,CANDIDATE,0.8,False,MISSING,WATCH_ONLY,flow_or_market_gate=MISSING/DEFENSIVE_NO_NEW_BUY;below_MA50,WEAK_OR_RISKY,5.0,TRADEABLE,LAGGING
RTVC.CA,General / Verified EGX Expansion,CANDIDATE,0.22,False,MISSING,WATCH_ONLY,flow_or_market_gate=MISSING/DEFENSIVE_NO_NEW_BUY;below_MA50,WEAK_OR_RISKY,5.0,TRADEABLE,LAGGING
SMFR.CA,General / Verified EGX Expansion,CANDIDATE,0.2,False,MISSING,WATCH_ONLY,flow_or_market_gate=MISSING/DEFENSIVE_NO_NEW_BUY;below_MA50,WEAK_OR_RISKY,11.0,TRADEABLE,LAGGING
DOMT.CA,"Food, Beverages & Tobacco",CANDIDATE,0.09,False,MISSING,WATCH_ONLY,flow_or_market_gate=MISSING/DEFENSIVE_NO_NEW_BUY;below_MA50,WEAK_OR_RISKY,0.0,TRADEABLE,LAGGING
MILS.CA,General / Verified EGX Expansion,DISABLED,0.06,False,MISSING,WATCH_ONLY,flow_or_market_gate=MISSING/DEFENSIVE_NO_NEW_BUY;price_not_fresh;below_MA50,WEAK_OR_RISKY,0.0,TRADEABLE,LAGGING
RREI.CA,General / Verified EGX Expansion,CANDIDATE,0.05,False,MISSING,WATCH_ONLY,flow_or_market_gate=MISSING/DEFENSIVE_NO_NEW_BUY;below_MA50,WEAK_OR_RISKY,5.0,TRADEABLE,LAGGING
ZEOT.CA,General / Verified EGX Expansion,DISABLED,-0.81,False,MISSING,WATCH_ONLY,flow_or_market_gate=MISSING/DEFENSIVE_NO_NEW_BUY;price_not_fresh;below_MA50,WEAK_OR_RISKY,0.0,TRADEABLE,LAGGING
ADCI.CA,General / Verified EGX Expansion,CANDIDATE,-0.93,False,MISSING,WATCH_ONLY,flow_or_market_gate=MISSING/DEFENSIVE_NO_NEW_BUY;below_MA50,WEAK_OR_RISKY,5.0,TRADEABLE,LAGGING
SCFM.CA,General / Verified EGX Expansion,CANDIDATE,-1.18,False,MISSING,WATCH_ONLY,flow_or_market_gate=MISSING/DEFENSIVE_NO_NEW_BUY;below_MA50,WEAK_OR_RISKY,0.0,TRADEABLE,LAGGING
CAED.CA,General / Verified EGX Expansion,DISABLED,-1.22,False,MISSING,WATCH_ONLY,flow_or_market_gate=MISSING/DEFENSIVE_NO_NEW_BUY;price_not_fresh;below_MA50,WEAK_OR_RISKY,0.0,TRADEABLE,LAGGING
MENA.CA,Real Estate,DISABLED,-1.39,False,MISSING,WATCH_ONLY,flow_or_market_gate=MISSING/DEFENSIVE_NO_NEW_BUY;liquidity_below_min;below_MA50,WEAK_OR_RISKY,0.0,THIN,LAGGING
SEIG.CA,General / Verified EGX Expansion,DISABLED,-1.45,False,MISSING,WATCH_ONLY,flow_or_market_gate=MISSING/DEFENSIVE_NO_NEW_BUY;liquidity_below_min;below_MA50,WEAK_OR_RISKY,0.0,THIN,LAGGING
EDFM.CA,General / Verified EGX Expansion,DISABLED,-1.68,False,MISSING,WATCH_ONLY,flow_or_market_gate=MISSING/DEFENSIVE_NO_NEW_BUY;liquidity_below_min;below_MA50,WEAK_OR_RISKY,0.0,THIN,LAGGING
NEDA.CA,General / Verified EGX Expansion,DISABLED,-1.69,False,MISSING,WATCH_ONLY,flow_or_market_gate=MISSING/DEFENSIVE_NO_NEW_BUY;liquidity_below_min;below_MA50,WEAK_OR_RISKY,0.0,THIN,LAGGING
GMCI.CA,General / Verified EGX Expansion,DISABLED,-1.7,False,MISSING,WATCH_ONLY,flow_or_market_gate=MISSING/DEFENSIVE_NO_NEW_BUY;liquidity_below_min;below_MA50,WEAK_OR_RISKY,0.0,THIN,LAGGING
TRTO.CA,General / Verified EGX Expansion,DISABLED,-2.01,False,MISSING,WATCH_ONLY,flow_or_market_gate=MISSING/DEFENSIVE_NO_NEW_BUY;liquidity_below_min;below_MA50,WEAK_OR_RISKY,0.0,THIN,LAGGING
APSW.CA,General / Verified EGX Expansion,DISABLED,-2.51,False,MISSING,WATCH_ONLY,flow_or_market_gate=MISSING/DEFENSIVE_NO_NEW_BUY;liquidity_below_min;below_MA50,WEAK_OR_RISKY,0.0,THIN,LAGGING
ELWA.CA,General / Verified EGX Expansion,DISABLED,-2.63,False,MISSING,WATCH_ONLY,flow_or_market_gate=MISSING/DEFENSIVE_NO_NEW_BUY;liquidity_below_min;below_MA50,WEAK_OR_RISKY,0.0,THIN,LAGGING
RAKT.CA,General / Verified EGX Expansion,DISABLED,-2.75,False,MISSING,WATCH_ONLY,flow_or_market_gate=MISSING/DEFENSIVE_NO_NEW_BUY;liquidity_below_min;below_MA50,WEAK_OR_RISKY,0.0,THIN,LAGGING
WCDF.CA,General / Verified EGX Expansion,DISABLED,-2.85,False,MISSING,WATCH_ONLY,flow_or_market_gate=MISSING/DEFENSIVE_NO_NEW_BUY;price_not_fresh;below_MA50,WEAK_OR_RISKY,0.0,TRADEABLE,LAGGING
ELNA.CA,General / Verified EGX Expansion,DISABLED,-2.87,False,MISSING,WATCH_ONLY,flow_or_market_gate=MISSING/DEFENSIVE_NO_NEW_BUY;liquidity_below_min;below_MA50,WEAK_OR_RISKY,0.0,THIN,LAGGING
CEFM.CA,General / Verified EGX Expansion,DISABLED,-4.52,False,MISSING,WATCH_ONLY,flow_or_market_gate=MISSING/DEFENSIVE_NO_NEW_BUY;price_not_fresh;below_MA50,WEAK_OR_RISKY,0.0,TRADEABLE,LAGGING
GSSC.CA,General / Verified EGX Expansion,DISABLED,-4.58,False,MISSING,WATCH_ONLY,flow_or_market_gate=MISSING/DEFENSIVE_NO_NEW_BUY;price_not_fresh;below_MA50,WEAK_OR_RISKY,0.0,TRADEABLE,LAGGING
MOSC.CA,General / Verified EGX Expansion,DISABLED,-4.86,False,MISSING,WATCH_ONLY,flow_or_market_gate=MISSING/DEFENSIVE_NO_NEW_BUY;price_not_fresh;below_MA50,WEAK_OR_RISKY,0.0,TRADEABLE,LAGGING
EBSC.CA,General / Verified EGX Expansion,DISABLED,-5.09,False,MISSING,WATCH_ONLY,flow_or_market_gate=MISSING/DEFENSIVE_NO_NEW_BUY;price_not_fresh;below_MA50,WEAK_OR_RISKY,0.0,TRADEABLE,LAGGING
UEFM.CA,General / Verified EGX Expansion,DISABLED,-5.48,False,MISSING,WATCH_ONLY,flow_or_market_gate=MISSING/DEFENSIVE_NO_NEW_BUY;price_not_fresh;below_MA50,WEAK_OR_RISKY,0.0,TRADEABLE,LAGGING
EPPK.CA,General / Verified EGX Expansion,DISABLED,-6.59,False,MISSING,WATCH_ONLY,flow_or_market_gate=MISSING/DEFENSIVE_NO_NEW_BUY;liquidity_below_min;price_not_fresh;below_MA50,WEAK_OR_RISKY,0.0,THIN,LAGGING
CFGH.CA,General / Verified EGX Expansion,DISABLED,-6.99,False,MISSING,WATCH_ONLY,flow_or_market_gate=MISSING/DEFENSIVE_NO_NEW_BUY;liquidity_below_min;price_not_fresh;below_MA50,WEAK_OR_RISKY,0.0,THIN,LAGGING
